Value Research,,,,,
Generate on: 23-Jul-2020 06:29,,,,,
,,,,,
All Equity Funds,,,,,
,,,,,
Fund Name,3 Yr Ret (%),5 Yr Ret (%),10 Yr Ret (%),15 Yr Ret (%),20 Yr Ret (%)
Aditya Birla Sun Life Bal Bhavishya Yojna - Wealth Plan - Direct Plan,NA,NA,NA,NA,NA
Aditya Birla Sun Life Bal Bhavishya Yojna - Wealth Plan - Regular Plan,NA,NA,NA,NA,NA
Aditya Birla Sun Life Banking ETF - Regular Plan,NA,NA,NA,NA,NA
Aditya Birla Sun Life Banking & Financial Services Fund - Direct Plan,-3.71,6.44,NA,NA,NA
Aditya Birla Sun Life Banking & Financial Services Fund - Regular Plan,-4.76,5.40,NA,NA,NA
Aditya Birla Sun Life Commodity Equities Fund - Global Agri Plan,-1.63,-0.93,4.11,NA,NA
Aditya Birla Sun Life Commodity Equities Fund - Global Agri Plan - Direct Plan,-1.30,-0.56,NA,NA,NA
Aditya Birla Sun Life Digital India Fund,16.95,11.17,11.66,12.01,10.43
Aditya Birla Sun Life Digital India Fund - Direct Plan,18.05,12.09,NA,NA,NA
Aditya Birla Sun Life Dividend Yield Fund,-3.29,1.62,6.53,11.14,NA
Aditya Birla Sun Life Dividend Yield Fund - Direct Plan,-2.60,2.38,NA,NA,NA
Aditya Birla Sun Life Equity Advantage Fund - Direct Plan,-1.13,5.70,NA,NA,NA
Aditya Birla Sun Life Equity Advantage Fund - Regular Plan,-2.15,4.59,9.00,11.69,11.91
Aditya Birla Sun Life Equity Fund,0.15,6.30,9.76,13.68,15.80
Aditya Birla Sun Life Equity Fund - Direct Plan,1.18,7.35,NA,NA,NA
Aditya Birla Sun Life Focused Equity Fund,1.82,5.33,10.43,NA,NA
Aditya Birla Sun Life Focused Equity Fund - Direct Plan,2.85,6.44,NA,NA,NA
Aditya Birla Sun Life Frontline Equity Fund,0.38,4.49,9.49,14.56,NA
Aditya Birla Sun Life Frontline Equity Fund - Direct Plan,1.22,5.43,NA,NA,NA
Aditya Birla Sun Life Global Emerging Opportunities Fund,10.86,7.72,3.44,NA,NA
Aditya Birla Sun Life Global Emerging Opportunities Fund - Direct Plan,11.23,7.95,NA,NA,NA
Aditya Birla Sun Life Global Real Estate Fund - Direct Plan,0.81,0.95,NA,NA,NA
Aditya Birla Sun Life Global Real Estate Fund - Retail Plan,0.37,0.50,NA,NA,NA
Aditya Birla Sun Life Index Fund,4.06,5.30,7.28,10.83,NA
Aditya Birla Sun Life Index Fund - Direct Plan,4.28,5.54,NA,NA,NA
Aditya Birla Sun Life India GenNext Fund,4.09,8.27,13.65,NA,NA
Aditya Birla Sun Life India GenNext Fund - Direct Plan,5.30,9.50,NA,NA,NA
Aditya Birla Sun Life Infrastructure Fund,-9.71,-1.39,3.62,NA,NA
Aditya Birla Sun Life Infrastructure Fund - Direct Plan,-8.99,NA,NA,NA,NA
Aditya Birla Sun Life International Equity Fund - Plan A,12.79,7.47,11.39,NA,NA
Aditya Birla Sun Life International Equity Fund - Plan A - Direct Plan,13.41,8.03,NA,NA,NA
Aditya Birla Sun Life International Equity Fund - Plan B,-0.86,3.36,6.56,NA,NA
Aditya Birla Sun Life International Equity Fund - Plan B - Direct Plan,-0.41,3.86,NA,NA,NA
Aditya Birla Sun Life Manufacturing Equity Fund - Direct Plan,-0.22,NA,NA,NA,NA
Aditya Birla Sun Life Manufacturing Equity Fund - Regular Plan,-1.05,4.48,NA,NA,NA
Aditya Birla Sun Life Mid Cap Fund,-6.77,1.64,8.06,13.26,NA
Aditya Birla Sun Life Mid Cap Fund - Direct Plan,-5.92,2.55,NA,NA,NA
Aditya Birla Sun Life MNC Fund,2.31,3.94,13.82,15.89,16.95
Aditya Birla Sun Life MNC Fund - Direct Plan,3.27,5.00,NA,NA,NA
Aditya Birla Sun Life Nifty ETF Fund,4.95,6.35,NA,NA,NA
Aditya Birla Sun Life Nifty Next 50 ETF - Regular Plan,NA,NA,NA,NA,NA
Aditya Birla Sun Life Pharma & Healthcare Fund - Direct Plan,NA,NA,NA,NA,NA
Aditya Birla Sun Life Pharma & Healthcare Fund - Regular Plan,NA,NA,NA,NA,NA
Aditya Birla Sun Life PSU Equity Fund - Direct Plan,NA,NA,NA,NA,NA
Aditya Birla Sun Life PSU Equity Fund - Regular Plan,NA,NA,NA,NA,NA
Aditya Birla Sun Life Pure Value Fund,-9.60,0.37,8.78,NA,NA
Aditya Birla Sun Life Pure Value Fund - Direct Plan,-8.52,1.48,NA,NA,NA
Aditya Birla Sun Life Resurgent India Fund - Series 3 - Direct Plan,-0.49,NA,NA,NA,NA
Aditya Birla Sun Life Resurgent India Fund - Series 3 - Regular Plan,-1.85,NA,NA,NA,NA
Aditya Birla Sun Life Resurgent India Fund - Series 4 - Direct Plan,-2.32,NA,NA,NA,NA
Aditya Birla Sun Life Resurgent India Fund - Series 4 - Regular Plan,-3.45,NA,NA,NA,NA
Aditya Birla Sun Life Resurgent India Fund - Series 5 - Direct Plan,NA,NA,NA,NA,NA
Aditya Birla Sun Life Resurgent India Fund - Series 5 - Regular Plan,NA,NA,NA,NA,NA
Aditya Birla Sun Life Resurgent India Fund - Series 6 - Direct Plan,NA,NA,NA,NA,NA
Aditya Birla Sun Life Resurgent India Fund - Series 6 - Regular Plan,NA,NA,NA,NA,NA
Aditya Birla Sun Life Resurgent India Fund - Series 7 - Direct Plan,NA,NA,NA,NA,NA
Aditya Birla Sun Life Resurgent India Fund - Series 7 - Regular Plan,NA,NA,NA,NA,NA
Aditya Birla Sun Life Retirement Fund - The 30s Plan - Direct Plan,NA,NA,NA,NA,NA
Aditya Birla Sun Life Retirement Fund - The 30s Plan - Regular Plan,NA,NA,NA,NA,NA
Aditya Birla Sun Life Sensex ETF,3.31,NA,NA,NA,NA
Aditya Birla Sun Life Small Cap Fund,-12.48,0.45,7.23,NA,NA
Aditya Birla Sun Life Small Cap Fund - Direct Plan,-11.41,1.55,NA,NA,NA
Aditya Birla Sun Life Tax Plan,1.77,5.86,10.95,12.44,14.66
Aditya Birla Sun Life Tax Plan - Direct Plan,2.65,6.87,NA,NA,NA
Aditya Birla Sun Life Tax Relief 96,2.52,6.51,10.01,13.26,14.64
Aditya Birla Sun Life Tax Relief 96 - Direct Plan,3.60,7.58,NA,NA,NA
Axis Bluechip Fund,9.39,8.55,10.66,NA,NA
Axis Bluechip Fund - Direct Plan,10.83,9.86,NA,NA,NA
Axis Capital Builder Fund Series 1 (1540 Days) - Direct Plan,NA,NA,NA,NA,NA
Axis Capital Builder Fund Series 1 (1540 Days) - Regular Plan,NA,NA,NA,NA,NA
Axis Capital Builder Fund Series 4 (1582 Days) - Direct Plan,NA,NA,NA,NA,NA
Axis Capital Builder Fund Series 4 (1582 Days) - Regular Plan,NA,NA,NA,NA,NA
Axis Emerging Opportunities Fund Series 1 (1400 Days) - Direct Plan,3.11,NA,NA,NA,NA
Axis Emerging Opportunities Fund Series 1 (1400 Days) - Regular Plan,1.86,NA,NA,NA,NA
Axis Emerging Opportunities Fund Series 2 (1400 Days) - Direct Plan,2.80,NA,NA,NA,NA
Axis Emerging Opportunities Fund Series 2 (1400 Days) - Regular Plan,1.48,NA,NA,NA,NA
Axis Equity Advantage Fund Series 1 - Direct Plan,NA,NA,NA,NA,NA
Axis Equity Advantage Fund Series 1 - Regular Plan,6.17,NA,NA,NA,NA
Axis Equity Advantage Fund Series 2 - Direct Plan,NA,NA,NA,NA,NA
Axis Equity Advantage Fund Series 2 - Regular Plan,NA,NA,NA,NA,NA
Axis ESG Equity Fund - Direct Plan,NA,NA,NA,NA,NA
Axis ESG Equity Fund - Regular Plan,NA,NA,NA,NA,NA
Axis Focused 25 Fund,5.80,8.69,NA,NA,NA
Axis Focused 25 Fund - Direct Plan,7.10,10.02,NA,NA,NA
Axis Growth Opportunities Fund - Direct Plan,NA,NA,NA,NA,NA
Axis Growth Opportunities Fund - Regular Plan,NA,NA,NA,NA,NA
Axis Long Term Equity Fund,5.68,7.25,14.40,NA,NA
Axis Long Term Equity Fund - Direct Plan,6.69,8.34,NA,NA,NA
Axis Midcap Fund,8.69,7.35,NA,NA,NA
Axis Midcap Fund - Direct Plan,10.03,8.65,NA,NA,NA
Axis Multicap Fund - Direct Plan,NA,NA,NA,NA,NA
Axis Multicap Fund - Regular Plan,NA,NA,NA,NA,NA
Axis Nifty 100 Index Fund - Direct Plan,NA,NA,NA,NA,NA
Axis Nifty 100 Index Fund - Regular Plan,NA,NA,NA,NA,NA
Axis Nifty ETF - Regular Plan,5.04,NA,NA,NA,NA
Axis Small Cap Fund - Direct Plan,5.53,9.18,NA,NA,NA
Axis Small Cap Fund - Regular Plan,4.19,7.88,NA,NA,NA
Baroda Banking and Financial Services Fund,-1.38,3.56,NA,NA,NA
Baroda Banking and Financial Services Fund - Direct Plan,-0.68,4.31,NA,NA,NA
Baroda ELSS 96 Fund,-1.91,2.32,6.41,8.44,10.99
Baroda ELSS 96 Fund - Direct Plan,-1.07,3.21,NA,NA,NA
Baroda Large Cap Fund,2.04,3.32,3.63,NA,NA
Baroda Large Cap Fund - Direct Plan,2.84,4.08,NA,NA,NA
Baroda Midcap Fund,-0.49,0.44,NA,NA,NA
Baroda Midcap Fund - Direct Plan,0.43,1.26,NA,NA,NA
Baroda Multi Cap Fund,-0.15,3.15,6.24,10.98,NA
Baroda Multi Cap Fund - Direct Plan,0.76,4.02,NA,NA,NA
BHARAT 22 ETF,NA,NA,NA,NA,NA
BNP Paribas Focused 25 Equity Fund - Direct Plan,NA,NA,NA,NA,NA
BNP Paribas Focused 25 Equity Fund - Regular Plan,NA,NA,NA,NA,NA
BNP Paribas India Consumption Fund - Direct Plan,NA,NA,NA,NA,NA
BNP Paribas India Consumption Fund - Regular Plan,NA,NA,NA,NA,NA
BNP Paribas Large Cap Fund,4.56,5.41,11.07,13.06,NA
BNP Paribas Large Cap Fund - Direct Plan,5.89,6.71,NA,NA,NA
BNP Paribas Long Term Equity Fund,2.90,4.44,10.98,NA,NA
BNP Paribas Long Term Equity Fund - Direct Plan,4.11,5.50,NA,NA,NA
BNP Paribas Midcap Fund,-1.70,3.61,12.51,NA,NA
BNP Paribas Midcap Fund - Direct Plan,-0.17,5.18,NA,NA,NA
BNP Paribas Multi Cap Fund,-0.15,4.04,10.06,NA,NA
BNP Paribas Multi Cap Fund - Direct Plan,1.38,5.67,NA,NA,NA
BOI AXA Large & Mid Cap Equity Fund - Direct Plan,0.55,4.59,NA,NA,NA
BOI AXA Large & Mid Cap Equity Fund - Eco Plan,0.11,4.11,7.11,NA,NA
BOI AXA Large & Mid Cap Equity Fund - Regular Plan,-0.68,3.31,6.45,NA,NA
BOI AXA Manufacturing & Infrastructure Fund,-0.35,3.07,3.40,NA,NA
BOI AXA Manufacturing & Infrastructure Fund - Direct Plan,0.95,4.47,NA,NA,NA
BOI AXA Midcap Tax Fund Series 1 - Direct Plan,NA,NA,NA,NA,NA
BOI AXA Midcap Tax Fund Series 1 - Regular Plan,NA,NA,NA,NA,NA
BOI AXA Midcap Tax Fund Series 2 - Direct Plan,NA,NA,NA,NA,NA
BOI AXA Midcap Tax Fund Series 2 - Regular Plan,NA,NA,NA,NA,NA
BOI AXA Multi Cap Fund - Direct Plan,NA,NA,NA,NA,NA
BOI AXA Multi Cap Fund - Regular Plan,NA,NA,NA,NA,NA
BOI AXA Small Cap Fund - Direct Plan,NA,NA,NA,NA,NA
BOI AXA Small Cap Fund - Regular Plan,NA,NA,NA,NA,NA
BOI AXA Tax Advantage Fund - Direct Plan,6.16,8.38,NA,NA,NA
BOI AXA Tax Advantage Fund - Eco Plan,5.69,7.76,9.82,NA,NA
BOI AXA Tax Advantage Fund - Regular Plan,4.89,6.96,9.16,NA,NA
Canara Robeco Bluechip Equity Fund - Direct Plan,8.95,9.08,NA,NA,NA
Canara Robeco Bluechip Equity Fund - Regular Plan,7.60,7.79,NA,NA,NA
Canara Robeco Consumer Trends Fund - Direct Plan,7.32,9.73,NA,NA,NA
Canara Robeco Consumer Trends Fund - Regular Plan,5.95,8.47,12.14,NA,NA
Canara Robeco Emerging Equities Fund - Direct Plan,3.83,9.83,NA,NA,NA
Canara Robeco Emerging Equities Fund - Regular Plan,2.59,8.54,15.34,15.57,NA
Canara Robeco Equity Diversified Fund - Direct Plan,7.47,7.59,NA,NA,NA
Canara Robeco Equity Diversified Fund - Regular Plan,6.50,6.73,9.91,13.85,NA
Canara Robeco Equity Tax Saver Fund - Direct Plan,7.72,7.88,NA,NA,NA
Canara Robeco Equity Tax Saver Fund - Regular Plan,6.76,7.04,10.28,15.61,12.81
Canara Robeco Infrastructure Fund - Direct Plan,-4.38,1.24,NA,NA,NA
Canara Robeco Infrastructure Fund - Regular Plan,-5.28,0.34,5.94,NA,NA
Canara Robeco Small Cap Fund - Direct Plan,NA,NA,NA,NA,NA
Canara Robeco Small Cap Fund - Regular Plan,NA,NA,NA,NA,NA
CPSE Exchange Traded Fund,-12.89,-6.61,NA,NA,NA
DSP 3 Years Close Ended Equity Fund - Direct Plan,3.25,9.19,NA,NA,NA
DSP 3 Years Close Ended Equity Fund - Regular Plan,2.61,8.63,NA,NA,NA
DSP A.C.E.Fund (Analyst's Conviction Equalized) Series 1 - Direct Plan,NA,NA,NA,NA,NA
DSP A.C.E.Fund (Analyst's Conviction Equalized) Series 1 - Regular Plan,NA,NA,NA,NA,NA
DSP A.C.E.Fund (Analyst'S Conviction Equalized) Series 2 - Direct Plan,NA,NA,NA,NA,NA
DSP A.C.E.Fund (Analyst'S Conviction Equalized) Series 2 - Regular Plan,NA,NA,NA,NA,NA
DSP Equal Nifty 50 Fund - Direct Plan,NA,NA,NA,NA,NA
DSP Equal Nifty 50 Fund - Regular Plan,NA,NA,NA,NA,NA
DSP Equity Fund,4.22,6.84,9.57,15.23,16.58
DSP Equity Fund - Direct Plan,5.10,7.67,NA,NA,NA
DSP Equity Opportunities Fund,1.99,6.97,9.88,14.08,17.01
DSP Equity Opportunities Fund - Direct Plan,3.02,8.02,NA,NA,NA
DSP Focus Fund,1.83,4.45,8.07,NA,NA
DSP Focus Fund - Direct Plan,2.79,5.34,NA,NA,NA
DSP Global Allocation Fund - Direct Plan,10.18,7.23,NA,NA,NA
DSP Global Allocation Fund - Regular Plan,9.68,6.82,NA,NA,NA
DSP Healthcare Fund - Direct Plan,NA,NA,NA,NA,NA
DSP Healthcare Fund - Regular Plan,NA,NA,NA,NA,NA
DSP Midcap Fund - Direct Plan,3.27,8.91,NA,NA,NA
DSP Midcap Fund - Regular Plan,2.36,8.00,12.47,NA,NA
DSP Natural Resources and New Energy Fund - Direct Plan,-3.06,8.76,NA,NA,NA
DSP Natural Resources and New Energy Fund - Regular Plan,-3.86,7.93,7.27,NA,NA
DSP Nifty 50 Index Fund - Direct Plan,NA,NA,NA,NA,NA
DSP Nifty 50 Index Fund - Regular Plan,NA,NA,NA,NA,NA
DSP Nifty Next 50 Index Fund - Direct Plan,NA,NA,NA,NA,NA
DSP Nifty Next 50 Index Fund - Regular Plan,NA,NA,NA,NA,NA
DSP Quant Fund - Direct Plan,NA,NA,NA,NA,NA
DSP Quant Fund - Regular Plan,NA,NA,NA,NA,NA
DSP Small Cap Fund - Direct Plan,-5.50,4.69,NA,NA,NA
DSP Small Cap Fund - Regular Plan,-6.12,4.00,11.97,NA,NA
DSP Tax Saver Fund,2.90,7.21,10.70,NA,NA
DSP Tax Saver Fund - Direct Plan,3.95,8.24,NA,NA,NA
DSP T.I.G.E.R. Fund - Direct Plan,-5.41,0.91,NA,NA,NA
DSP T.I.G.E.R. Fund - Regular Plan,-5.98,0.32,4.42,10.79,NA
DSP Top 100 Equity Fund - Direct Plan,1.21,4.25,NA,NA,NA
DSP Top 100 Equity Fund - Regular Plan,0.50,3.52,7.43,13.31,NA
DSP US Flexible Equity Fund,14.55,11.74,NA,NA,NA
DSP US Flexible Equity Fund - Direct Plan,15.33,12.51,NA,NA,NA
DSP World Agriculture Fund,6.89,3.55,NA,NA,NA
DSP World Agriculture Fund - Direct Plan,7.21,3.87,NA,NA,NA
DSP World Energy Fund - Direct Plan,1.12,-0.24,NA,NA,NA
DSP World Energy Fund - Regular Plan,0.76,-0.53,2.46,NA,NA
DSP World Gold Fund - Direct Plan,22.46,22.14,NA,NA,NA
DSP World Gold Fund - Regular Plan,21.86,21.55,3.32,NA,NA
DSP World Mining Fund - Direct Plan,14.37,12.02,NA,NA,NA
DSP World Mining Fund - Regular Plan,13.75,11.39,0.79,NA,NA
Edelweiss ASEAN Equity Off-shore Fund - Direct Plan,3.91,5.35,NA,NA,NA
Edelweiss ASEAN Equity Off-shore Fund - Regular Plan,3.06,4.33,NA,NA,NA
Edelweiss Emerging Markets Opportunities Equity Offshore Fund - Direct Plan,10.39,9.23,NA,NA,NA
Edelweiss Emerging Markets Opportunities Equity Offshore Fund - Regular Plan,9.48,8.54,NA,NA,NA
Edelweiss ETF - Nifty 100 Quality 30,4.82,NA,NA,NA,NA
Edelweiss Europe Dynamic Equity Offshore Fund - Direct Plan,4.47,3.43,NA,NA,NA
Edelweiss Europe Dynamic Equity Offshore Fund - Regular Plan,3.65,2.50,NA,NA,NA
Edelweiss Exchange Traded Fund-Nifty 50,5.07,6.72,NA,NA,NA
Edelweiss Exchange Traded Fund-Nifty Bank,-1.99,NA,NA,NA,NA
Edelweiss Greater China Equity Off-shore Fund - Direct Plan,23.16,16.45,NA,NA,NA
Edelweiss Greater China Equity Off-shore Fund - Regular Plan,22.12,15.39,14.96,NA,NA
Edelweiss Large Cap Fund - Direct Plan,5.81,6.51,NA,NA,NA
Edelweiss Large Cap Fund - Plan B,4.61,5.45,9.90,NA,NA
Edelweiss Large Cap Fund - Plan C,4.60,5.45,9.72,NA,NA
Edelweiss Large Cap Fund - Regular Plan,4.59,5.44,9.87,NA,NA
Edelweiss Large & Mid Cap Fund - Direct Plan,4.83,6.61,NA,NA,NA
Edelweiss Large & Mid Cap Fund Regular Plan,3.45,5.44,9.14,NA,NA
Edelweiss Long Term Equity Fund (Tax Savings) - Direct Plan,1.62,4.40,NA,NA,NA
Edelweiss Long Term Equity Fund (Tax Savings) - Regular Plan,0.04,3.10,8.65,NA,NA
Edelweiss Maiden Opportunities Fund Series 1 - Direct Plan,NA,NA,NA,NA,NA
Edelweiss Maiden Opportunities Fund Series 1 - Regular Plan,NA,NA,NA,NA,NA
Edelweiss Mid Cap Fund - Direct Plan,1.53,5.94,NA,NA,NA
Edelweiss Mid Cap Fund - Regular Plan,0.13,4.86,12.70,NA,NA
Edelweiss Multi Cap Fund - Direct Plan,4.15,6.87,NA,NA,NA
Edelweiss Multi Cap Fund - Regular Plan,2.65,5.66,NA,NA,NA
Edelweiss Small Cap Fund - Direct Plan,NA,NA,NA,NA,NA
Edelweiss Small Cap Fund - Regular Plan,NA,NA,NA,NA,NA
Edelweiss US Technology Equity Fund of Fund - Direct Plan,NA,NA,NA,NA,NA
Edelweiss US Technology Equity Fund of Fund - Regular Plan,NA,NA,NA,NA,NA
Edelweiss US Value Equity Off-shore Fund - Direct Plan,8.26,6.99,NA,NA,NA
Edelweiss US Value Equity Off-shore Fund - Regular Plan,7.39,6.20,NA,NA,NA
Essel Large Cap Equity Fund,0.61,5.34,NA,NA,NA
Essel Large Cap Equity Fund - Direct Plan,2.08,6.83,NA,NA,NA
Essel Large & Midcap Fund,-1.08,NA,NA,NA,NA
Essel Large & Midcap Fund - Direct Plan,0.62,NA,NA,NA,NA
Essel Long Term Advantage Fund,-0.38,NA,NA,NA,NA
Essel Long Term Advantage Fund - Direct Plan,1.26,NA,NA,NA,NA
Essel Multi Cap Fund - Direct Plan,NA,NA,NA,NA,NA
Essel Multi Cap Fund - Regular Plan,NA,NA,NA,NA,NA
Franklin Asian Equity Fund,8.12,9.88,9.70,NA,NA
Franklin Asian Equity Fund - Direct Plan,8.77,10.62,NA,NA,NA
Franklin Build India Fund,-3.83,2.67,10.81,NA,NA
Franklin Build India Fund - Direct Plan,-2.66,3.99,NA,NA,NA
Franklin India Bluechip Fund,-1.15,2.82,7.74,12.70,15.65
Franklin India Bluechip Fund - Direct Plan,-0.34,3.69,NA,NA,NA
Franklin India Equity Advantage Fund,-3.45,1.05,8.16,12.72,NA
Franklin India Equity Advantage Fund - Direct Plan,-2.67,1.86,NA,NA,NA
Franklin India Equity Fund,-1.34,3.08,9.92,14.13,17.08
Franklin India Equity Fund - Direct Plan,-0.43,4.11,NA,NA,NA
Franklin India Feeder - Franklin European Growth Fund,-6.31,-3.01,NA,NA,NA
Franklin India Feeder - Franklin European Growth Fund Direct Plan,-5.33,-1.82,NA,NA,NA
Franklin India Feeder Franklin US Opportunities Fund,24.09,15.64,NA,NA,NA
Franklin India Feeder Franklin US Opportunities Fund - Direct Plan,25.21,16.69,NA,NA,NA
Franklin India Focused Equity Fund,-0.28,3.88,11.37,NA,NA
Franklin India Focused Equity Fund - Direct Plan,0.73,5.04,NA,NA,NA
Franklin India Index Fund - NSE Nifty Plan,3.77,5.14,7.44,11.16,NA
Franklin India Index Fund - NSE Nifty Plan - Direct Plan,4.24,5.61,NA,NA,NA
Franklin India Opportunities Fund,-0.88,2.94,8.38,11.11,11.37
Franklin India Opportunities Fund - Direct Plan,-0.09,3.76,NA,NA,NA
Franklin India Prima Fund,-1.69,4.55,12.02,12.99,19.97
Franklin India Prima Fund - Direct Plan,-0.75,5.59,NA,NA,NA
Franklin India Smaller Companies Fund,-9.28,0.92,11.02,NA,NA
Franklin India Smaller Companies Fund - Direct Plan,-8.29,2.10,NA,NA,NA
Franklin India Taxshield Fund,-1.93,2.28,9.75,12.95,15.42
Franklin India Taxshield Fund - Direct Plan,-0.97,3.29,NA,NA,NA
Franklin India Technology Fund,17.32,10.90,12.86,13.48,10.09
Franklin India Technology Fund - Direct Plan,18.14,11.65,NA,NA,NA
HDFC Capital Builder Value Fund,-1.09,4.24,9.14,12.85,15.83
HDFC Capital Builder Value Fund - Direct Plan,-0.01,5.37,NA,NA,NA
HDFC Equity Fund,-1.62,3.17,7.97,14.04,18.17
HDFC Equity Fund - Direct Plan,-0.89,3.98,NA,NA,NA
HDFC Equity Opportunities Fund II 1100D June 2017 (1) - Direct Plan,-4.26,NA,NA,NA,NA
HDFC Equity Opportunities Fund II 1100D June 2017 (1) - Regular Plan,-5.33,NA,NA,NA,NA
HDFC Equity Opportunities Fund II 1126D May 2017 (1) - Direct Plan,-3.16,NA,NA,NA,NA
HDFC Equity Opportunities Fund II 1126D May 2017 (1) - Regular Plan,-4.13,NA,NA,NA,NA
HDFC Focused 30 Fund,-4.50,1.54,5.51,10.71,NA
HDFC Focused 30 Fund - Direct Plan,-3.58,2.58,NA,NA,NA
HDFC Growth Opportunities Fund - Direct Plan,-1.29,1.89,NA,NA,NA
HDFC Growth Opportunities Fund - Regular Plan,-1.45,1.74,5.16,8.87,10.87
HDFC Housing Opportunities Fund Series 1 1140D November 2017 (1) - Direct Plan,NA,NA,NA,NA,NA
HDFC Housing Opportunities Fund Series 1 1140D November 2017 (1) - Regular Plan,NA,NA,NA,NA,NA
HDFC Index Fund Nifty 50 Plan,4.63,5.94,7.91,10.61,NA
HDFC Index Fund Nifty 50 Plan - Direct Plan,4.82,6.12,NA,NA,NA
HDFC Index Fund - Sensex Plan,6.35,6.71,8.37,11.03,NA
HDFC Index Fund - Sensex Plan - Direct Plan,6.55,6.89,NA,NA,NA
HDFC Infrastructure Fund,-18.72,-8.51,-1.34,NA,NA
HDFC Infrastructure Fund - Direct Plan,-18.08,-7.76,NA,NA,NA
HDFC Long Term Advantage Fund,1.14,6.68,9.86,12.36,NA
HDFC Long Term Advantage Fund - Direct Plan,1.72,7.32,NA,NA,NA
HDFC Mid-Cap Opportunities Fund,-2.89,5.07,12.67,NA,NA
HDFC Mid-Cap Opportunities Fund - Direct Plan,-2.02,6.03,NA,NA,NA
HDFC Nifty 50 ETF,5.06,NA,NA,NA,NA
HDFC Retirement Savings Fund Equity Plan - Direct Plan,2.22,NA,NA,NA,NA
HDFC Retirement Savings Fund Equity Plan - Regular Plan,0.78,NA,NA,NA,NA
HDFC Sensex ETF,6.91,NA,NA,NA,NA
HDFC Small Cap Fund - Direct Plan,-3.36,5.89,NA,NA,NA
HDFC Small Cap Fund - Regular Plan,-4.55,4.59,8.45,NA,NA
HDFC Taxsaver Fund,-3.41,2.41,7.23,11.64,17.48
HDFC Taxsaver Fund - Direct Plan,-2.78,3.07,NA,NA,NA
HDFC Top 100 Fund,-0.27,4.16,7.99,14.09,17.86
HDFC Top 100 Fund - Direct Plan,0.39,4.87,NA,NA,NA
HSBC Asia Pacific (Ex Japan) Dividend Yield Fund - Direct Plan,8.77,9.44,NA,NA,NA
HSBC Asia Pacific (Ex Japan) Dividend Yield Fund - Regular Plan,7.98,8.66,NA,NA,NA
HSBC Brazil Fund,-0.36,2.76,NA,NA,NA
HSBC Brazil Fund - Direct Plan,0.38,NA,NA,NA,NA
HSBC Focused Equity Fund - Direct Plan,NA,NA,NA,NA,NA
HSBC Focused Equity Fund - Regular Plan,NA,NA,NA,NA,NA
HSBC Global Consumer Opportunities Fund - Direct Plan,11.22,9.21,NA,NA,NA
HSBC Global Consumer Opportunities Fund - Regular Plan,10.43,8.44,NA,NA,NA
HSBC Global Emerging Markets Fund,7.43,8.21,5.93,NA,NA
HSBC Global Emerging Markets Fund - Direct Plan,8.20,NA,NA,NA,NA
HSBC Infrastructure Equity Fund,-17.85,-8.43,-0.81,NA,NA
HSBC Infrastructure Equity Fund - Direct Plan,-17.06,-7.64,NA,NA,NA
HSBC Large and Mid Cap Equity Fund - Direct Plan,NA,NA,NA,NA,NA
HSBC Large and Mid Cap Equity Fund - Regular Plan,NA,NA,NA,NA,NA
HSBC Large Cap Equity Fund,2.83,6.17,7.63,11.62,NA
HSBC Large Cap Equity Fund - Direct Plan,3.67,6.99,NA,NA,NA
HSBC Multi Cap Equity Fund,-1.38,3.64,9.08,11.81,NA
HSBC Multi Cap Equity Fund - Direct Plan,-0.48,4.51,NA,NA,NA
HSBC Small Cap Equity Fund,-8.69,-0.07,5.63,8.65,NA
HSBC Small Cap Equity Fund - Direct Plan,-7.76,0.84,NA,NA,NA
HSBC Tax Saver Equity Fund,-1.93,4.31,8.86,NA,NA
HSBC Tax Saver Equity Fund - Direct Plan,-1.01,5.20,NA,NA,NA
ICICI Prudential Bank ETF,NA,NA,NA,NA,NA
ICICI Prudential Banking and Financial Services Fund,-4.40,5.92,11.83,NA,NA
ICICI Prudential Banking and Financial Services Fund - Direct Plan,-3.38,7.12,NA,NA,NA
ICICI Prudential BHARAT 22 FOF,NA,NA,NA,NA,NA
ICICI Prudential BHARAT 22 FOF - Direct Plan,NA,NA,NA,NA,NA
ICICI Prudential Bharat Consumption Fund,NA,NA,NA,NA,NA
ICICI Prudential Bharat Consumption Fund - Direct Plan,NA,NA,NA,NA,NA
ICICI Prudential Bharat Consumption Fund - Series 1,NA,NA,NA,NA,NA
ICICI Prudential Bharat Consumption Fund - Series 1 - Direct Plan,NA,NA,NA,NA,NA
ICICI Prudential Bharat Consumption Fund - Series 2,NA,NA,NA,NA,NA
ICICI Prudential Bharat Consumption Fund - Series 2 - Direct Plan,NA,NA,NA,NA,NA
ICICI Prudential Bharat Consumption Fund - Series 3,NA,NA,NA,NA,NA
ICICI Prudential Bharat Consumption Fund - Series 3 - Direct Plan,NA,NA,NA,NA,NA
ICICI Prudential Bharat Consumption Fund - Series 4,NA,NA,NA,NA,NA
ICICI Prudential Bharat Consumption Fund - Series 4 - Direct Plan,NA,NA,NA,NA,NA
ICICI Prudential Bharat Consumption Fund - Series 5,NA,NA,NA,NA,NA
ICICI Prudential Bharat Consumption Fund - Series 5 - Direct Plan,NA,NA,NA,NA,NA
ICICI Prudential Bluechip Fund,2.85,6.10,10.40,NA,NA
ICICI Prudential Bluechip Fund - Direct Plan,3.70,7.04,NA,NA,NA
ICICI Prudential Commodities Fund,NA,NA,NA,NA,NA
ICICI Prudential Commodities Fund - Direct Plan,NA,NA,NA,NA,NA
ICICI Prudential Dividend Yield Equity Fund,-5.45,3.11,NA,NA,NA
ICICI Prudential Dividend Yield Equity Fund - Direct Plan,-4.68,3.86,NA,NA,NA
ICICI Prudential Exports and Services Fund,0.35,3.00,12.13,NA,NA
ICICI Prudential Exports and Services Fund - Direct Plan,1.24,3.89,NA,NA,NA
ICICI Prudential FMCG Fund,5.80,8.48,14.64,16.55,17.31
ICICI Prudential FMCG Fund - Direct Plan,6.72,9.35,NA,NA,NA
ICICI Prudential Focused Equity Fund,2.46,5.06,8.40,NA,NA
ICICI Prudential Focused Equity Fund - Direct Plan,3.51,6.25,NA,NA,NA
ICICI Prudential Global Advantage Fund (FOF),NA,NA,NA,NA,NA
ICICI Prudential Global Advantage Fund (FOF) - Direct Plan,NA,NA,NA,NA,NA
ICICI Prudential Global Stable Equity Fund (FOF),6.89,6.56,NA,NA,NA
ICICI Prudential Global Stable Equity Fund (FOF) - Direct Plan,7.75,7.39,NA,NA,NA
ICICI Prudential Growth Fund - Series 1,3.40,5.80,NA,NA,NA
ICICI Prudential Growth Fund - Series 1 - Direct Plan,4.27,6.88,NA,NA,NA
ICICI Prudential Growth Fund - Series 2,4.52,7.23,NA,NA,NA
ICICI Prudential Growth Fund - Series 2 - Direct Plan,5.36,8.30,NA,NA,NA
ICICI Prudential Growth Fund - Series 3,-0.16,3.23,NA,NA,NA
ICICI Prudential Growth Fund - Series 3 - Direct Plan,0.77,4.36,NA,NA,NA
ICICI Prudential India Equity FOF,NA,NA,NA,NA,NA
ICICI Prudential India Equity FOF - Direct Plan,NA,NA,NA,NA,NA
ICICI Prudential India Opportunities Fund,NA,NA,NA,NA,NA
ICICI Prudential India Opportunities Fund - Direct Plan,NA,NA,NA,NA,NA
ICICI Prudential Infrastructure Fund,-6.35,-1.30,3.18,NA,NA
ICICI Prudential Infrastructure Fund - Direct Plan,-5.67,-0.60,NA,NA,NA
ICICI Prudential Large & Mid Cap Fund,-1.69,4.24,8.58,12.30,13.76
ICICI Prudential Large & Mid Cap Fund - Direct Plan,-0.72,5.29,NA,NA,NA
ICICI Prudential Long Term Equity Fund (Tax Saving),2.17,5.09,9.97,12.63,18.04
ICICI Prudential Long Term Equity Fund (Tax Saving) - Direct Plan,3.09,6.18,NA,NA,NA
ICICI Prudential Long Term Wealth Enhancement Fund,NA,NA,NA,NA,NA
ICICI Prudential Long Term Wealth Enhancement Fund - Direct Plan,NA,NA,NA,NA,NA
ICICI Prudential Manufacture in India Fund,NA,NA,NA,NA,NA
ICICI Prudential Manufacture in India Fund - Direct Plan,NA,NA,NA,NA,NA
ICICI Prudential Midcap 150 ETF,NA,NA,NA,NA,NA
ICICI Prudential Midcap Fund,-2.92,2.76,9.19,12.00,NA
ICICI Prudential Midcap Fund - Direct Plan,-1.89,3.80,NA,NA,NA
ICICI Prudential Midcap Select ETF,-4.29,NA,NA,NA,NA
ICICI Prudential MNC Fund,NA,NA,NA,NA,NA
ICICI Prudential MNC Fund - Direct Plan,NA,NA,NA,NA,NA
ICICI Prudential Multicap Fund,-0.33,4.52,9.00,12.62,15.55
ICICI Prudential Multicap Fund - Direct Plan,0.68,5.59,NA,NA,NA
ICICI Prudential Nifty 100 ETF,3.97,6.09,NA,NA,NA
ICICI Prudential Nifty ETF,5.04,6.40,NA,NA,NA
ICICI Prudential Nifty Index Fund,4.22,5.55,7.91,12.07,NA
ICICI Prudential Nifty Index Fund - Direct Plan,4.65,5.96,NA,NA,NA
ICICI Prudential Nifty Low Vol 30 ETF,6.39,NA,NA,NA,NA
ICICI Prudential Nifty Next 50 ETF,NA,NA,NA,NA,NA
ICICI Prudential Nifty Next 50 Index Fund,-1.47,5.24,8.45,NA,NA
ICICI Prudential Nifty Next 50 Index Fund - Direct Plan,-1.06,5.70,NA,NA,NA
ICICI Prudential NV20 ETF,8.79,NA,NA,NA,NA
ICICI Prudential Pharma Healthcare And Diagnostics (P.H.D) Fund,NA,NA,NA,NA,NA
ICICI Prudential Pharma Healthcare And Diagnostics (P.H.D) Fund - Direct Plan,NA,NA,NA,NA,NA
ICICI Prudential Private Banks ETF,NA,NA,NA,NA,NA
ICICI Prudential Retirement Fund - Pure Equity Plan,NA,NA,NA,NA,NA
ICICI Prudential Retirement Fund - Pure Equity Plan - Direct Plan,NA,NA,NA,NA,NA
ICICI Prudential Sensex ETF,6.86,7.06,9.06,12.58,NA
ICICI Prudential Sensex Index Fund,NA,NA,NA,NA,NA
ICICI Prudential Sensex Index Fund - Direct Plan,NA,NA,NA,NA,NA
ICICI Prudential Smallcap Fund,-5.33,1.16,8.34,NA,NA
ICICI Prudential Smallcap Fund - Direct Plan,-4.37,1.97,NA,NA,NA
ICICI Prudential S&P BSE 500 ETF,NA,NA,NA,NA,NA
ICICI Prudential Technology Fund,16.16,9.13,14.95,14.63,12.77
ICICI Prudential Technology Fund - Direct Plan,17.13,10.03,NA,NA,NA
ICICI Prudential US Bluechip Equity Fund,16.84,13.18,NA,NA,NA
ICICI Prudential US Bluechip Equity Fund - Direct Plan,17.85,14.17,NA,NA,NA
ICICI Prudential Value Discovery Fund,1.06,3.78,11.61,15.37,NA
ICICI Prudential Value Discovery Fund - Direct Plan,1.82,4.77,NA,NA,NA
ICICI Prudential Value Fund - Series 12,1.42,NA,NA,NA,NA
ICICI Prudential Value Fund - Series 12 - Direct Plan,2.70,NA,NA,NA,NA
ICICI Prudential Value Fund - Series 13,-0.03,NA,NA,NA,NA
ICICI Prudential Value Fund - Series 13 - Direct Plan,1.20,NA,NA,NA,NA
ICICI Prudential Value Fund - Series 14,-0.59,NA,NA,NA,NA
ICICI Prudential Value Fund - Series 14 - Direct Plan,0.77,NA,NA,NA,NA
ICICI Prudential Value Fund - Series 15,-0.50,NA,NA,NA,NA
ICICI Prudential Value Fund - Series 15 - Direct Plan,0.66,NA,NA,NA,NA
ICICI Prudential Value Fund - Series 16,NA,NA,NA,NA,NA
ICICI Prudential Value Fund - Series 16 - Direct Plan,NA,NA,NA,NA,NA
ICICI Prudential Value Fund - Series 17,NA,NA,NA,NA,NA
ICICI Prudential Value Fund - Series 17 - Direct Plan,NA,NA,NA,NA,NA
ICICI Prudential Value Fund - Series 18,NA,NA,NA,NA,NA
ICICI Prudential Value Fund - Series 18 - Direct Plan,NA,NA,NA,NA,NA
ICICI Prudential Value Fund - Series 19,NA,NA,NA,NA,NA
ICICI Prudential Value Fund - Series 19 - Direct Plan,NA,NA,NA,NA,NA
ICICI Prudential Value Fund - Series 20,NA,NA,NA,NA,NA
ICICI Prudential Value Fund - Series 20 - Direct Plan,NA,NA,NA,NA,NA
ICICI Prudential Value Fund - Series 8,NA,NA,NA,NA,NA
ICICI Prudential Value Fund - Series 8 - Direct Plan,NA,NA,NA,NA,NA
IDBI Banking & Financial Services Fund - Direct Plan,NA,NA,NA,NA,NA
IDBI Banking & Financial Services Fund - Regular Plan,NA,NA,NA,NA,NA
IDBI Diversified Equity Fund - Direct Plan,2.93,5.21,NA,NA,NA
IDBI Diversified Equity Fund - Regular Plan,1.14,3.64,NA,NA,NA
IDBI Dividend Yield Fund - Direct Plan,NA,NA,NA,NA,NA
IDBI Dividend Yield Fund - Regular Plan,NA,NA,NA,NA,NA
IDBI Equity Advantage Fund - Direct Plan,1.42,4.50,NA,NA,NA
IDBI Equity Advantage Fund - Regular Plan,-0.11,3.10,NA,NA,NA
IDBI Focused 30 Equity Fund - Direct Plan,NA,NA,NA,NA,NA
IDBI Focused 30 Equity Fund - Regular Plan,NA,NA,NA,NA,NA
IDBI Healthcare Fund - Direct Plan,NA,NA,NA,NA,NA
IDBI Healthcare Fund - Regular Plan,NA,NA,NA,NA,NA
IDBI India Top 100 Equity Fund,0.81,3.55,NA,NA,NA
IDBI India Top 100 Equity Fund - Direct Plan,2.35,4.95,NA,NA,NA
IDBI Long Term Value Fund - Direct Plan,NA,NA,NA,NA,NA
IDBI Long Term Value Fund - Regular Plan,NA,NA,NA,NA,NA
IDBI Midcap Fund - Direct Plan,-1.87,NA,NA,NA,NA
IDBI Midcap Fund - Regular Plan,-3.61,NA,NA,NA,NA
IDBI Nifty Index Fund,3.59,4.74,7.05,NA,NA
IDBI Nifty Index Fund - Direct Plan,4.65,5.89,NA,NA,NA
IDBI Nifty Junior Index Fund,-1.78,4.66,NA,NA,NA
IDBI Nifty Junior Index Fund - Direct Plan,-0.96,5.73,NA,NA,NA
IDBI Small Cap Fund - Direct Plan,-5.50,NA,NA,NA,NA
IDBI Small Cap Fund - Regular Plan,-7.33,NA,NA,NA,NA
IDFC Core Equity Fund - Direct Plan,-0.41,5.88,NA,NA,NA
IDFC Core Equity Fund - Regular Plan,-1.75,4.28,6.89,NA,NA
IDFC Emerging Businesses Fund - Direct Plan,NA,NA,NA,NA,NA
IDFC Emerging Businesses Fund - Regular Plan,NA,NA,NA,NA,NA
IDFC Equity Opportunity Series 4 - Direct Plan,NA,NA,NA,NA,NA
IDFC Equity Opportunity Series 4 - Regular Plan,NA,NA,NA,NA,NA
IDFC Equity Opportunity Series 5 - Direct Plan,NA,NA,NA,NA,NA
IDFC Equity Opportunity Series 5 - Regular Plan,NA,NA,NA,NA,NA
IDFC Equity Opportunity Series 6 - Direct Plan,NA,NA,NA,NA,NA
IDFC Equity Opportunity Series 6 - Regular Plan,NA,NA,NA,NA,NA
IDFC Focused Equity Fund - Direct Plan,1.63,6.94,NA,NA,NA
IDFC Focused Equity Fund - Regular Plan,0.07,5.27,6.89,NA,NA
IDFC Infrastructure Fund - Direct Plan,-9.97,-0.28,NA,NA,NA
IDFC Infrastructure Fund - Regular Plan,-11.18,-1.61,NA,NA,NA
IDFC Large Cap Fund - Direct Plan,3.97,6.69,NA,NA,NA
IDFC Large Cap Fund - Regular Plan,3.01,5.39,7.70,NA,NA
IDFC Multi Cap Fund - Direct Plan,-0.81,3.06,NA,NA,NA
IDFC Multi Cap Fund - Regular Plan,-1.51,2.31,10.46,NA,NA
IDFC Nifty ETF,5.13,NA,NA,NA,NA
IDFC Nifty Fund - Direct Plan,5.09,6.29,NA,NA,NA
IDFC Nifty Fund - Regular Plan,4.96,6.17,8.44,NA,NA
IDFC Sensex ETF,6.88,NA,NA,NA,NA
IDFC Sterling Value Fund - Direct Plan,-6.69,2.43,NA,NA,NA
IDFC Sterling Value Fund - Regular Plan,-7.74,1.40,8.16,NA,NA
IDFC Tax Advantage (ELSS) Fund - Direct Plan,-0.16,5.00,NA,NA,NA
IDFC Tax Advantage (ELSS) Fund - Regular Plan,-1.35,3.79,9.87,NA,NA
IIFL Focused Equity Fund - Direct Plan,8.05,10.92,NA,NA,NA
IIFL Focused Equity Fund - Regular Plan,6.45,9.50,NA,NA,NA
Indiabulls Bluechip Fund,1.51,5.32,NA,NA,NA
Indiabulls Bluechip Fund - Direct Plan,3.04,7.07,NA,NA,NA
Indiabulls Nifty 50 Exchange Traded Fund - Regular Plan,NA,NA,NA,NA,NA
Indiabulls Tax Savings Fund - Direct Plan,NA,NA,NA,NA,NA
Indiabulls Tax Savings Fund - Regular Plan,NA,NA,NA,NA,NA
Indiabulls Value Fund - Direct Plan,-5.37,NA,NA,NA,NA
Indiabulls Value Fund - Regular Plan,-6.83,NA,NA,NA,NA
Invesco India Contra Fund,5.71,8.33,11.58,NA,NA
Invesco India Contra Fund - Direct Plan,7.05,9.83,NA,NA,NA
Invesco India Feeder- Invesco Global Equity Income Fund - Direct Plan,5.10,4.82,NA,NA,NA
Invesco India Feeder- Invesco Global Equity Income Fund - Regular Plan,4.05,3.69,NA,NA,NA
Invesco India Feeder- Invesco Pan European Equity Fund - Direct Plan,-0.19,0.38,NA,NA,NA
Invesco India Feeder- Invesco Pan European Equity Fund - Regular Plan,-1.06,-0.60,NA,NA,NA
Invesco India Financial Services Fund,0.46,6.95,10.55,NA,NA
Invesco India Financial Services Fund - Direct Plan,1.98,8.68,NA,NA,NA
Invesco India Growth Opportunities Fund,3.73,6.28,10.43,NA,NA
Invesco India Growth Opportunities Fund - Direct Plan,5.12,7.90,NA,NA,NA
Invesco India Infrastructure Fund,1.21,3.39,6.93,NA,NA
Invesco India Infrastructure Fund - Direct Plan,2.90,5.16,NA,NA,NA
Invesco India Largecap Fund,3.54,5.35,8.89,NA,NA
Invesco India Largecap Fund - Direct Plan,5.17,7.09,NA,NA,NA
Invesco India Mid Cap Fund,3.63,6.64,13.40,NA,NA
Invesco India Mid Cap Fund - Direct Plan,5.30,8.44,NA,NA,NA
Invesco India Multicap Fund,-0.32,4.28,12.57,NA,NA
Invesco India Multicap Fund - Direct Plan,1.19,5.94,NA,NA,NA
Invesco India Nifty Exchange Traded Fund,5.00,6.38,NA,NA,NA
Invesco India PSU Equity Fund,-0.27,4.71,5.34,NA,NA
Invesco India PSU Equity Fund - Direct Plan,1.09,6.30,NA,NA,NA
Invesco India Smallcap Fund - Direct Plan,NA,NA,NA,NA,NA
Invesco India Smallcap Fund - Regular Plan,NA,NA,NA,NA,NA
Invesco India Tax Plan,4.70,6.66,11.57,NA,NA
Invesco India Tax Plan - Direct Plan,6.17,8.29,NA,NA,NA
ITI Long Term Equity Fund - Direct Plan,NA,NA,NA,NA,NA
ITI Long Term Equity Fund - Regular Plan,NA,NA,NA,NA,NA
ITI Multi Cap Fund - Direct Plan,NA,NA,NA,NA,NA
ITI Multi Cap Fund - Regular Plan,NA,NA,NA,NA,NA
ITI Small Cap Fund - Direct Plan,NA,NA,NA,NA,NA
ITI Small Cap Fund - Regular Plan,NA,NA,NA,NA,NA
JM Core 11 Fund,-1.05,5.52,5.14,NA,NA
JM Core 11 Fund - Direct Plan,0.35,7.14,NA,NA,NA
JM Large Cap Fund,3.50,3.83,6.42,7.91,9.52
JM Large Cap Fund - Direct Plan,4.54,5.13,NA,NA,NA
JM Multicap Fund,1.89,6.04,7.38,NA,NA
JM Multicap Fund - Direct Plan,2.68,7.29,NA,NA,NA
JM Tax Gain Fund,2.67,5.91,8.06,NA,NA
JM Tax Gain Fund - Direct Plan,3.44,7.25,NA,NA,NA
JM Value Fund,-0.10,6.15,5.10,7.22,11.68
JM Value Fund - Direct Plan,0.55,7.31,NA,NA,NA
Kotak Banking ETF Fund Regular,-2.28,3.80,NA,NA,NA
Kotak Bluechip Fund - Direct Plan,4.89,6.83,NA,NA,NA
Kotak Bluechip Fund - Regular Plan,3.68,5.53,8.86,13.17,14.64
Kotak Emerging Equity Fund - Direct Plan,1.29,8.18,NA,NA,NA
Kotak Emerging Equity Fund Regular Plan,0.05,6.74,11.69,NA,NA
Kotak Equity Opportunities Fund - Direct Plan,4.18,8.46,NA,NA,NA
Kotak Equity Opportunities Fund - Regular Plan,2.97,7.12,10.25,14.28,NA
Kotak Focused Equity Fund - Direct Plan,NA,NA,NA,NA,NA
Kotak Focused Equity Fund - Regular Plan,NA,NA,NA,NA,NA
Kotak Global Emerging Market - Direct Plan,9.06,6.03,NA,NA,NA
Kotak Global Emerging Market Regular Plan,8.28,5.13,7.43,NA,NA
Kotak India EQ Contra Fund - Direct Plan,6.40,8.21,NA,NA,NA
Kotak India EQ Contra Fund - Regular Plan,4.94,6.59,8.74,NA,NA
Kotak India Growth Fund Series 4 - Direct Plan,NA,NA,NA,NA,NA
Kotak India Growth Fund Series 4 - Regular Plan,NA,NA,NA,NA,NA
Kotak India Growth Fund Series 5 - Direct Plan,NA,NA,NA,NA,NA
Kotak India Growth Fund Series 5 - Regular Plan,NA,NA,NA,NA,NA
Kotak India Growth Fund Series 7 - Direct Plan,NA,NA,NA,NA,NA
Kotak India Growth Fund Series 7 - Regular Plan,NA,NA,NA,NA,NA
Kotak Infrastructure and Economic Reform Fund - Standard Plan,-6.51,1.22,5.98,NA,NA
Kotak Infrastructure and Economic Reform Fund - Standard Plan - Direct Plan,-5.23,2.76,NA,NA,NA
Kotak Nifty ETF Fund,4.96,6.05,8.27,NA,NA
Kotak NV 20 ETF,8.88,NA,NA,NA,NA
Kotak Pioneer Fund - Direct Plan,NA,NA,NA,NA,NA
Kotak Pioneer Fund - Regular Plan,NA,NA,NA,NA,NA
Kotak PSU Bank ETF,-25.99,-15.51,-8.72,NA,NA
Kotak Sensex ETF Fund,6.68,6.88,8.77,NA,NA
Kotak Small Cap Fund - Direct Plan,-1.87,6.07,NA,NA,NA
Kotak Small Cap Fund - Regular Plan,-3.16,4.57,10.20,12.18,NA
Kotak Standard Multicap Fund - Direct Plan,4.04,8.61,NA,NA,NA
Kotak Standard Multicap Fund Regular Plan,2.97,7.46,11.53,NA,NA
Kotak Tax Saver - Direct Plan,3.64,7.38,NA,NA,NA
Kotak Tax Saver Regular Plan,2.43,5.98,9.05,NA,NA
LIC MF Banking & Financial Services Fund - Direct Plan,-7.19,-0.54,NA,NA,NA
LIC MF Banking & Financial Services Fund - Regular Plan,-8.32,-1.61,NA,NA,NA
LIC MF Exchange Traded Fund - Nifty 100,4.07,NA,NA,NA,NA
LIC MF Exchange Traded Fund - Nifty 50,5.07,NA,NA,NA,NA
LIC MF Exchange Traded Fund - Sensex,6.95,NA,NA,NA,NA
LIC MF Index-Nifty Plan,3.79,5.02,7.41,9.18,NA
LIC MF Index-Nifty Plan - Direct Plan,4.30,5.54,NA,NA,NA
LIC MF Index-Sensex Plan,5.73,5.63,7.63,9.97,NA
LIC MF Index-Sensex Plan - Direct Plan,6.21,6.16,NA,NA,NA
LIC MF Infrastructure Fund,-3.56,-0.42,2.58,NA,NA
LIC MF Infrastructure Fund - Direct Plan,-2.53,0.69,NA,NA,NA
LIC MF Large Cap Fund,3.04,4.10,7.57,9.33,9.73
LIC MF Large Cap Fund - Direct Plan,4.15,5.18,NA,NA,NA
LIC MF Large & Mid Cap Fund - Direct Plan,3.02,8.25,NA,NA,NA
LIC MF Large & Mid Cap Fund - Regular Plan,1.45,6.78,NA,NA,NA
LIC MF Multicap Fund,2.02,2.41,5.82,8.13,8.75
LIC MF Multicap Fund - Direct Plan,2.86,3.20,NA,NA,NA
LIC MF Tax Plan,1.58,3.78,7.96,8.50,8.19
LIC MF Tax Plan - Direct Plan,2.78,4.87,NA,NA,NA
L&T Business Cycles Fund - Direct Plan,-4.32,1.46,NA,NA,NA
L&T Business Cycles Fund - Regular Plan,-5.07,0.73,NA,NA,NA
L&T Emerging Businesses Fund,-8.50,5.01,NA,NA,NA
L&T Emerging Businesses Fund - Direct Plan,-7.56,5.96,NA,NA,NA
L&T Emerging Opportunities Fund Series I - Direct Plan,NA,NA,NA,NA,NA
L&T Emerging Opportunities Fund Series II - Direct Plan,NA,NA,NA,NA,NA
L&T Emerging Opportunities Fund Series II - Regular Plan,NA,NA,NA,NA,NA
L&T Emerging Opportunities Fund Series I - Regular Plan,NA,NA,NA,NA,NA
L&T Equity Fund,0.36,3.73,8.53,13.42,NA
L&T Equity Fund - Direct Plan,1.09,4.48,NA,NA,NA
L&T Focused Equity Fund - Direct Plan,NA,NA,NA,NA,NA
L&T Focused Equity Fund - Regular Plan,NA,NA,NA,NA,NA
L&T India Large Cap Fund,2.11,3.79,8.31,NA,NA
L&T India Large Cap Fund - Direct Plan,2.97,4.62,NA,NA,NA
L&T India Value Fund,-2.74,5.23,11.42,NA,NA
L&T India Value Fund - Direct Plan,-1.83,6.17,NA,NA,NA
L&T Infrastructure Fund,-7.47,1.86,4.85,NA,NA
L&T Infrastructure Fund - Direct Plan,-6.55,2.83,NA,NA,NA
L&T Large and Midcap Fund,-1.73,3.67,9.39,NA,NA
L&T Large and Midcap Fund - Direct Plan,-0.91,4.50,NA,NA,NA
L&T Midcap Fund,-3.01,6.47,11.83,14.06,NA
L&T Midcap Fund - Direct Plan,-1.98,7.51,NA,NA,NA
L&T Nifty 50 Index Fund - Direct Plan,NA,NA,NA,NA,NA
L&T Nifty 50 Index Fund - Regular Plan,NA,NA,NA,NA,NA
L&T Nifty Next 50 Index Fund - Direct Plan,NA,NA,NA,NA,NA
L&T Nifty Next 50 Index Fund - Regular Plan,NA,NA,NA,NA,NA
L&T Tax Advantage Fund,-1.45,4.74,8.90,NA,NA
L&T Tax Advantage Fund - Direct Plan,-0.81,5.44,NA,NA,NA
Mahindra Manulife ELSS Kar Bachat Yojana - Direct Plan,-0.57,NA,NA,NA,NA
Mahindra Manulife ELSS Kar Bachat Yojana - Regular Plan,-2.50,NA,NA,NA,NA
Mahindra Manulife Large Cap Pragati Yojana - Direct Plan,NA,NA,NA,NA,NA
Mahindra Manulife Large Cap Pragati Yojana - Regular Plan,NA,NA,NA,NA,NA
Mahindra Manulife Mid Cap Unnati Yojana - Direct Plan,NA,NA,NA,NA,NA
Mahindra Manulife Mid Cap Unnati Yojana - Regular Plan,NA,NA,NA,NA,NA
Mahindra Manulife Multi Cap Badhat Yojana - Direct Plan,4.38,NA,NA,NA,NA
Mahindra Manulife Multi Cap Badhat Yojana - Regular Plan,2.27,NA,NA,NA,NA
Mahindra Manulife Rural Bharat And Consumption Yojana - Direct Plan,NA,NA,NA,NA,NA
Mahindra Manulife Rural Bharat And Consumption Yojana - Regular Plan,NA,NA,NA,NA,NA
Mahindra Manulife Top 250 Nivesh Yojana - Direct Plan,NA,NA,NA,NA,NA
Mahindra Manulife Top 250 Nivesh Yojana - Regular Plan,NA,NA,NA,NA,NA
Mirae Asset Emerging Bluechip Fund - Direct Plan,6.33,12.87,NA,NA,NA
Mirae Asset Emerging Bluechip Fund - Regular Plan,5.40,11.90,18.22,NA,NA
Mirae Asset Focused Fund - Direct Plan,NA,NA,NA,NA,NA
Mirae Asset Focused Fund - Regular Plan,NA,NA,NA,NA,NA
Mirae Asset Great Consumer Fund - Direct Plan,6.50,9.99,NA,NA,NA
Mirae Asset Great Consumer Fund - Regular Plan,4.93,8.44,NA,NA,NA
Mirae Asset Healthcare Fund - Direct Plan,NA,NA,NA,NA,NA
Mirae Asset Healthcare Fund - Regular Plan,NA,NA,NA,NA,NA
Mirae Asset Large Cap Fund - Direct Plan,5.35,9.03,NA,NA,NA
Mirae Asset Large Cap Fund - Regular Plan,4.35,8.07,12.40,NA,NA
Mirae Asset Midcap Fund - Direct Plan,NA,NA,NA,NA,NA
Mirae Asset Midcap Fund - Regular Plan,NA,NA,NA,NA,NA
Mirae Asset Nifty 50 ETF - Regular Plan,NA,NA,NA,NA,NA
Mirae Asset Nifty Next 50 ETF - Regular Plan,NA,NA,NA,NA,NA
Mirae Asset Tax Saver Fund - Direct Plan,7.35,NA,NA,NA,NA
Mirae Asset Tax Saver Fund - Regular Plan,5.85,NA,NA,NA,NA
Motilal Oswal Focused 25 Fund - Direct Plan,4.95,7.37,NA,NA,NA
Motilal Oswal Focused 25 Fund - Regular Plan,3.62,5.98,NA,NA,NA
Motilal Oswal Large and Midcap Fund - Direct Plan,NA,NA,NA,NA,NA
Motilal Oswal Large and Midcap Fund - Regular Plan,NA,NA,NA,NA,NA
Motilal Oswal Long Term Equity Fund - Direct Plan,1.22,8.65,NA,NA,NA
Motilal Oswal Long Term Equity Fund - Regular Plan,-0.08,7.16,NA,NA,NA
Motilal Oswal M50 ETF Fund,4.55,5.63,NA,NA,NA
Motilal Oswal Midcap 100 Exchange Traded Fund,-5.01,2.69,NA,NA,NA
Motilal Oswal Midcap 30 Fund - Direct Plan,-2.58,2.52,NA,NA,NA
Motilal Oswal Midcap 30 Fund - Regular Plan,-3.77,1.26,NA,NA,NA
Motilal Oswal Multicap 35 Fund - Direct Plan,1.16,7.10,NA,NA,NA
Motilal Oswal Multicap 35 Fund - Regular Plan,0.23,6.14,NA,NA,NA
Motilal Oswal NASDAQ 100 Exchange Traded Fund,27.98,21.71,NA,NA,NA
Motilal Oswal Nasdaq 100 FOF - Direct Plan,NA,NA,NA,NA,NA
Motilal Oswal Nasdaq 100 FOF - Regular Plan,NA,NA,NA,NA,NA
Motilal Oswal Nifty 500 Fund - Direct Plan,NA,NA,NA,NA,NA
Motilal Oswal Nifty 500 Fund - Regular Plan,NA,NA,NA,NA,NA
Motilal Oswal Nifty 50 Index Fund - Direct Plan,NA,NA,NA,NA,NA
Motilal Oswal Nifty 50 Index Fund - Regular Plan,NA,NA,NA,NA,NA
Motilal Oswal Nifty Bank Index Fund - Direct Plan,NA,NA,NA,NA,NA
Motilal Oswal Nifty Bank Index Fund - Regular Plan,NA,NA,NA,NA,NA
Motilal Oswal Nifty Midcap 150 Index Fund - Direct Plan,NA,NA,NA,NA,NA
Motilal Oswal Nifty Midcap 150 Index Fund - Regular Plan,NA,NA,NA,NA,NA
Motilal Oswal Nifty Next 50 Index Fund - Direct Plan,NA,NA,NA,NA,NA
Motilal Oswal Nifty Next 50 Index Fund - Regular Plan,NA,NA,NA,NA,NA
Motilal Oswal Nifty Smallcap 250 Index Fund - Direct Plan,NA,NA,NA,NA,NA
Motilal Oswal Nifty Smallcap 250 Index Fund - Regular Plan,NA,NA,NA,NA,NA
Motilal Oswal S&P 500 Index Fund - Direct Plan,NA,NA,NA,NA,NA
Motilal Oswal S&P 500 Index Fund - Regular Plan,NA,NA,NA,NA,NA
Nippon India Banking Fund,-7.68,1.67,7.95,13.75,NA
Nippon India Banking Fund - Direct Plan,-7.00,2.43,NA,NA,NA
Nippon India Capital Builder Fund IV Series A - Direct Plan,NA,NA,NA,NA,NA
Nippon India Capital Builder Fund IV Series A - Regular Plan,NA,NA,NA,NA,NA
Nippon India Capital Builder Fund IV Series B - Direct Plan,NA,NA,NA,NA,NA
Nippon India Capital Builder Fund IV Series B - Regular Plan,NA,NA,NA,NA,NA
Nippon India Capital Builder Fund IV Series C - Direct Plan,NA,NA,NA,NA,NA
Nippon India Capital Builder Fund IV Series C - Regular Plan,NA,NA,NA,NA,NA
Nippon India Capital Builder Fund IV Series D - Direct Plan,NA,NA,NA,NA,NA
Nippon India Capital Builder Fund IV Series D - Regular Plan,NA,NA,NA,NA,NA
Nippon India Consumption Fund,2.44,4.54,9.07,10.71,NA
Nippon India Consumption Fund - Direct Plan,3.25,5.36,NA,NA,NA
Nippon India ETF Bank BeES,-2.24,3.71,8.87,13.00,NA
Nippon India ETF Consumption,4.51,7.36,NA,NA,NA
Nippon India ETF Dividend Opportunities,2.45,6.03,NA,NA,NA
Nippon India ETF Hang Seng BeES,5.58,5.55,9.32,NA,NA
Nippon India ETF Infra BeES,-1.36,-0.94,NA,NA,NA
Nippon India ETF Junior BeES,-0.49,5.77,9.08,12.29,NA
Nippon India ETF Nifty 100,3.24,5.46,NA,NA,NA
Nippon India ETF Nifty BeES,5.10,6.30,8.54,12.30,NA
Nippon India ETF Nifty IT - Regular Plan,NA,NA,NA,NA,NA
Nippon India ETF Nifty Midcap 150 - Regular Plan,NA,NA,NA,NA,NA
Nippon India ETF NV20,9.41,8.19,NA,NA,NA
Nippon India ETF PSU Bank BeES,-25.90,-15.45,-8.58,NA,NA
Nippon India ETF Sensex,6.89,7.10,NA,NA,NA
Nippon India ETF Sensex Next 50 - Regular Plan,NA,NA,NA,NA,NA
Nippon India ETF Shariah BeES,5.21,6.90,8.30,NA,NA
Nippon India Focused Equity Fund,-1.79,4.51,10.51,NA,NA
Nippon India Focused Equity Fund - Direct Plan,-0.99,5.41,NA,NA,NA
Nippon India Growth Fund,-0.20,4.53,8.40,13.89,20.13
Nippon India Growth Fund - Direct Plan,0.48,5.27,NA,NA,NA
Nippon India Growth Fund - Institutional Plan,0.42,5.00,8.70,NA,NA
Nippon India Index Fund - Nifty Plan,3.93,5.16,NA,NA,NA
Nippon India Index Fund - Nifty Plan - Direct Plan,4.73,5.90,NA,NA,NA
Nippon India Index Fund - Sensex Plan,5.97,5.98,NA,NA,NA
Nippon India Index Fund - Sensex Plan - Direct Plan,6.67,6.62,NA,NA,NA
Nippon India India Opportunities Fund - Series A - Direct Plan,NA,NA,NA,NA,NA
Nippon India India Opportunities Fund - Series A - Regular Plan,NA,NA,NA,NA,NA
Nippon India Japan Equity Fund,7.57,4.35,NA,NA,NA
Nippon India Japan Equity Fund - Direct Plan,8.56,5.22,NA,NA,NA
Nippon India Junior BeES FoF - Direct Plan,NA,NA,NA,NA,NA
Nippon India Junior BeES FoF - Regular Plan,NA,NA,NA,NA,NA
Nippon India Large Cap Fund,-0.69,3.46,9.02,NA,NA
Nippon India Large Cap Fund - Direct Plan,0.28,4.50,NA,NA,NA
Nippon India Multi Cap Fund,-3.79,-0.01,8.25,13.47,NA
Nippon India Multi Cap Fund - Direct Plan,-3.09,0.74,NA,NA,NA
Nippon India Pharma Fund,13.15,6.94,13.86,18.73,NA
Nippon India Pharma Fund - Direct Plan,14.14,7.89,NA,NA,NA
Nippon India Power & Infra Fund,-6.02,1.97,0.34,10.98,NA
Nippon India Power & Infra Fund - Direct Plan,-5.45,2.61,NA,NA,NA
Nippon India Quant Fund - Direct Plan,2.41,4.80,NA,NA,NA
Nippon India Quant Fund - Retail Plan,1.65,4.38,7.23,NA,NA
Nippon India Retirement Fund - Wealth Creation Scheme,-4.48,0.95,NA,NA,NA
Nippon India Retirement Fund - Wealth Creation Scheme - Direct Plan,-3.56,2.22,NA,NA,NA
Nippon India Small Cap Fund,-2.83,7.05,NA,NA,NA
Nippon India Small Cap Fund - Direct Plan,-1.79,8.20,NA,NA,NA
Nippon India Tax Saver (ELSS) Fund,-9.66,-1.46,7.91,NA,NA
Nippon India Tax Saver (ELSS) Fund - Direct Plan,-8.91,-0.66,NA,NA,NA
Nippon India US Equity Opportunities Fund,18.31,NA,NA,NA,NA
Nippon India US Equity Opportunities Fund - Direct Plan,19.56,NA,NA,NA,NA
Nippon India Value Fund,0.71,4.04,8.38,13.64,NA
Nippon India Value Fund - Direct Plan,1.42,4.82,NA,NA,NA
Nippon India Vision Fund,-4.20,0.82,5.80,10.98,17.10
Nippon India Vision Fund - Direct Plan,-3.63,1.46,NA,NA,NA
Parag Parikh Long Term Equity Fund - Direct Plan,11.51,11.46,NA,NA,NA
Parag Parikh Long Term Equity Fund - Regular Plan,10.72,10.73,NA,NA,NA
Parag Parikh Tax Saver Fund - Direct Plan,NA,NA,NA,NA,NA
Parag Parikh Tax Saver Fund - Regular Plan,NA,NA,NA,NA,NA
PGIM India Diversified Equity Fund - Direct Plan,6.25,8.08,NA,NA,NA
PGIM India Diversified Equity Fund - Regular Plan,4.22,6.50,NA,NA,NA
PGIM India Euro Equity Fund,6.17,3.27,7.21,NA,NA
PGIM India Euro Equity Fund - Direct Plan,7.63,4.46,NA,NA,NA
PGIM India Global Equity Opportunities Fund,26.28,11.91,11.07,NA,NA
PGIM India Global Equity Opportunities Fund - Direct Plan,27.84,13.09,NA,NA,NA
PGIM India Large Cap Fund,1.20,4.17,7.64,12.36,NA
PGIM India Large Cap Fund - Direct Plan,2.66,5.71,NA,NA,NA
PGIM India Long Term Equity Fund - Direct Plan,3.03,NA,NA,NA,NA
PGIM India Long Term Equity Fund - Regular Plan,1.26,NA,NA,NA,NA
PGIM India Midcap Opportunities Fund - Direct Plan,2.92,5.20,NA,NA,NA
PGIM India Midcap Opportunities Fund - Regular Plan,1.24,3.86,NA,NA,NA
Principal Dividend Yield Fund,3.86,7.56,8.80,9.87,NA
Principal Dividend Yield Fund - Direct Plan,4.47,8.10,NA,NA,NA
Principal Emerging Bluechip Fund,1.22,7.40,12.49,NA,NA
Principal Emerging Bluechip Fund - Direct Plan,2.39,8.57,NA,NA,NA
Principal Focused Multicap Fund,4.38,6.61,9.08,NA,NA
Principal Focused Multicap Fund - Direct Plan,5.16,7.38,NA,NA,NA
Principal Global Opportunities Fund,6.03,7.10,7.04,7.36,NA
Principal Global Opportunities Fund - Direct Plan,6.45,7.55,NA,NA,NA
Principal Midcap Fund - Direct Plan,NA,NA,NA,NA,NA
Principal Midcap Fund - Regular Plan,NA,NA,NA,NA,NA
Principal Multi Cap Growth Fund,-0.24,5.94,9.55,10.24,NA
Principal Multi Cap Growth Fund - Direct Plan,0.68,6.82,NA,NA,NA
Principal Nifty 100 Equal Weight Fund,-1.49,2.00,5.84,9.53,9.49
Principal Nifty 100 Equal Weight Fund - Direct Plan,-1.17,2.40,NA,NA,NA
Principal Personal Tax Saver Fund,-1.60,2.68,6.48,10.16,12.34
Principal Personal Tax Saver Fund - Direct Plan,-1.18,3.21,NA,NA,NA
Principal Small Cap Fund - Direct Plan,NA,NA,NA,NA,NA
Principal Small Cap Fund - Regular Plan,NA,NA,NA,NA,NA
Principal Tax Savings Fund,-0.22,5.91,9.74,11.58,14.21
Principal Tax Savings Fund - Direct Plan,0.37,6.47,NA,NA,NA
Quant Active Fund,6.71,8.54,9.44,12.13,NA
Quant Active Fund - Direct Plan,7.06,8.75,NA,NA,NA
Quant Consumption Fund,-0.16,6.98,3.67,NA,NA
Quant Consumption Fund - Direct Plan,0.81,7.93,NA,NA,NA
Quant Focused Fund,2.00,6.01,10.35,NA,NA
Quant Focused Fund - Direct Plan,2.87,6.55,NA,NA,NA
Quant Infrastructure Fund,-2.04,0.71,-1.93,NA,NA
Quant Infrastructure Fund - Direct Plan,-0.95,1.38,NA,NA,NA
Quant Large and Mid Cap Fund,2.86,8.55,11.18,NA,NA
Quant Large and Mid Cap Fund - Direct Plan,3.17,8.73,NA,NA,NA
Quant Mid Cap Fund,3.51,4.07,7.52,7.22,NA
Quant Mid Cap Fund - Direct Plan,4.43,4.62,NA,NA,NA
Quant Small Cap Fund,-3.27,1.28,7.80,8.90,6.40
Quant Small Cap Fund - Direct Plan,-2.93,1.49,NA,NA,NA
Quant Tax Plan,3.63,10.54,6.67,9.37,11.88
Quant Tax Plan - Direct Plan,4.60,11.20,NA,NA,NA
Quantum Equity FoF Fund - Direct Plan,1.22,5.69,9.54,NA,NA
Quantum Equity FoF - Regular Plan,1.05,5.54,9.41,NA,NA
Quantum India ESG Equity Fund - Direct Plan,NA,NA,NA,NA,NA
Quantum India ESG Equity Fund - Regular Plan,NA,NA,NA,NA,NA
Quantum Long Term Equity Value Fund - Direct Plan,-2.41,3.48,8.44,NA,NA
Quantum Long Term Equity Value Fund - Regular Plan,-2.73,3.18,8.15,NA,NA
Quantum Nifty ETF,4.92,6.25,8.46,NA,NA
Quantum Tax Saving Fund - Direct Plan,-2.19,3.67,8.42,NA,NA
Quantum Tax Saving - Regular Plan,-2.51,3.36,8.12,NA,NA
SBI Banking & Financial Services Fund - Direct Plan,4.67,11.26,NA,NA,NA
SBI Banking & Financial Services Fund - Regular Plan,3.45,10.12,NA,NA,NA
SBI Bluechip Fund,1.54,5.16,9.94,NA,NA
SBI Bluechip Fund - Direct Plan,2.47,6.24,NA,NA,NA
SBI Consumption Opportunities Fund,-0.57,5.31,13.39,14.79,14.49
SBI Consumption Opportunities Fund - Direct Plan,0.56,6.41,NA,NA,NA
SBI Contra Fund,-3.89,1.65,5.31,11.33,18.37
SBI Contra Fund - Direct Plan,-3.27,2.29,NA,NA,NA
SBI Equity Minimum Variance Fund - Direct Plan,NA,NA,NA,NA,NA
SBI Equity Minimum Variance Fund - Regular Plan,NA,NA,NA,NA,NA
SBI Equity Opportunities Fund - Series I - Direct Plan,1.19,4.54,NA,NA,NA
SBI Equity Opportunities Fund - Series I - Regular Plan,0.27,3.93,NA,NA,NA
SBI Equity Opportunities Fund - Series IV - Direct Plan,2.01,NA,NA,NA,NA
SBI Equity Opportunities Fund - Series IV - Regular Plan,1.11,NA,NA,NA,NA
SBI ETF BSE 100 Fund,3.97,6.22,NA,NA,NA
SBI ETF Nifty 50,5.06,NA,NA,NA,NA
SBI ETF Nifty Bank Fund,-2.24,3.83,NA,NA,NA
SBI ETF Nifty Next 50 Fund,-0.59,6.14,NA,NA,NA
SBI ETF Quality - Regular Plan,NA,NA,NA,NA,NA
SBI ETF Sensex,6.90,7.10,NA,NA,NA
SBI ETF Sensex Next 50 - Regular Plan,NA,NA,NA,NA,NA
SBI Focused Equity Fund,6.51,9.17,13.91,14.21,NA
SBI Focused Equity Fund - Direct Plan,7.59,10.21,NA,NA,NA
SBI Healthcare Opportunities Fund,4.67,0.70,13.64,12.53,16.14
SBI Healthcare Opportunities Fund - Direct Plan,5.85,1.88,NA,NA,NA
SBI Infrastructure Fund,-0.63,3.58,3.13,NA,NA
SBI Infrastructure Fund - Direct Plan,0.10,4.26,NA,NA,NA
SBI Large & Midcap Fund,1.30,4.65,9.43,14.40,13.40
SBI Large & Midcap Fund - Direct Plan,2.04,5.32,NA,NA,NA
SBI Long Term Advantage Fund Series I - Direct Plan,-1.59,4.44,NA,NA,NA
SBI Long Term Advantage Fund Series II - Direct Plan,-0.08,6.42,NA,NA,NA
SBI Long Term Advantage Fund Series III - Direct Plan,-0.50,NA,NA,NA,NA
SBI Long Term Advantage Fund Series III - Regular Plan,-1.29,NA,NA,NA,NA
SBI Long Term Advantage Fund Series II - Regular Plan,-0.64,6.00,NA,NA,NA
SBI Long Term Advantage Fund Series I - Regular Plan,-2.17,4.02,NA,NA,NA
SBI Long Term Advantage Fund Series IV - Direct Plan,6.22,NA,NA,NA,NA
SBI Long Term Advantage Fund Series IV - Regular Plan,5.40,NA,NA,NA,NA
SBI Long Term Advantage Fund Series V - Direct Plan,NA,NA,NA,NA,NA
SBI Long Term Advantage Fund Series VI - Direct Plan,NA,NA,NA,NA,NA
SBI Long Term Advantage Fund Series VI - Regular Plan,NA,NA,NA,NA,NA
SBI Long Term Advantage Fund Series V - Regular Plan,NA,NA,NA,NA,NA
SBI Long Term Equity Fund,-0.45,2.81,8.35,12.30,14.12
SBI Long Term Equity Fund - Direct Plan,0.22,3.47,NA,NA,NA
SBI Magnum COMMA Fund,0.99,7.60,4.43,NA,NA
SBI Magnum COMMA Fund - Direct Plan,1.77,8.35,NA,NA,NA
SBI Magnum Equity ESG Fund,4.05,5.91,9.33,13.99,12.65
SBI Magnum Equity ESG Fund - Direct Plan,4.96,6.80,NA,NA,NA
SBI Magnum Global Fund,4.03,5.17,12.29,15.19,16.94
SBI Magnum Global Fund - Direct Plan,4.88,6.10,NA,NA,NA
SBI Magnum Midcap Fund,-3.65,2.43,11.44,12.56,NA
SBI Magnum Midcap Fund - Direct Plan,-2.69,3.51,NA,NA,NA
SBI Magnum Multicap Fund,1.28,6.11,9.53,NA,NA
SBI Magnum Multicap Fund - Direct Plan,2.33,7.21,NA,NA,NA
SBI Nifty Index Fund,4.14,5.47,7.46,10.69,NA
SBI Nifty Index Fund - Direct Plan,4.57,5.96,NA,NA,NA
SBI PSU Fund,-9.90,-2.54,-1.52,NA,NA
SBI PSU Fund - Direct Plan,-9.20,-1.91,NA,NA,NA
SBI Small Cap Fund,3.55,9.49,16.47,NA,NA
SBI Small Cap Fund - Direct Plan,4.80,10.84,NA,NA,NA
SBI Tax Advantage Fund - Series II,5.77,11.07,NA,NA,NA
SBI Tax Advantage Fund - Series III - Direct Plan,10.65,11.24,NA,NA,NA
SBI Tax Advantage Fund - Series III - Regular Plan,9.93,10.76,NA,NA,NA
SBI Technology Opportunities Fund,17.09,9.25,13.05,13.25,8.77
SBI Technology Opportunities Fund - Direct Plan,18.29,10.26,NA,NA,NA
Shriram Long Term Equity Fund - Direct Plan,NA,NA,NA,NA,NA
Shriram Long Term Equity Fund - Regular Plan,NA,NA,NA,NA,NA
Shriram Multicap Fund - Direct Plan,NA,NA,NA,NA,NA
Shriram Multicap Fund - Regular Plan,NA,NA,NA,NA,NA
Sundaram Diversified Equity Fund,-3.30,3.02,7.49,12.32,15.41
Sundaram Diversified Equity Fund - Direct Plan,-2.83,3.47,NA,NA,NA
Sundaram Emerging Small Cap Series 1 - Direct Plan,NA,NA,NA,NA,NA
Sundaram Emerging Small Cap Series 1 - Regular Plan,NA,NA,NA,NA,NA
Sundaram Emerging Small Cap Series II - Direct Plan,NA,NA,NA,NA,NA
Sundaram Emerging Small Cap Series III - Direct Plan,NA,NA,NA,NA,NA
Sundaram Emerging Small Cap Series III - Regular Plan,NA,NA,NA,NA,NA
Sundaram Emerging Small Cap Series II - Regular Plan,NA,NA,NA,NA,NA
Sundaram Emerging Small Cap Series IV - Direct Plan,NA,NA,NA,NA,NA
Sundaram Emerging Small Cap Series IV - Regular Plan,NA,NA,NA,NA,NA
Sundaram Emerging Small Cap Series V - Direct Plan,NA,NA,NA,NA,NA
Sundaram Emerging Small Cap Series VI - Direct Plan,NA,NA,NA,NA,NA
Sundaram Emerging Small Cap Series VII - Direct Plan,NA,NA,NA,NA,NA
Sundaram Emerging Small Cap Series VII - Regular Plan,NA,NA,NA,NA,NA
Sundaram Emerging Small Cap Series VI - Regular Plan,NA,NA,NA,NA,NA
Sundaram Emerging Small Cap Series V - Regular Plan,NA,NA,NA,NA,NA
Sundaram Equity Fund - Direct Plan,NA,NA,NA,NA,NA
Sundaram Equity Fund - Regular Plan,NA,NA,NA,NA,NA
Sundaram Financial Services Opportunities Fund - Direct Plan,0.37,5.89,NA,NA,NA
Sundaram Financial Services Opportunities Fund - Institutional Plan,0.37,5.86,NA,NA,NA
Sundaram Financial Services Opportunities Fund - Regular Plan,-0.52,5.08,7.51,NA,NA
Sundaram Global Brand Fund,7.33,6.94,6.38,NA,NA
Sundaram Global Brand Fund - Direct Plan,7.94,7.61,NA,NA,NA
Sundaram Infrastructure Advantage Fund - Direct Plan,-4.85,0.85,NA,NA,NA
Sundaram Infrastructure Advantage Fund - Regular Plan,-5.52,0.32,0.55,NA,NA
Sundaram Large and Mid Cap Fund,2.14,6.21,8.64,NA,NA
Sundaram Large and Mid Cap Fund - Direct Plan,3.35,7.13,NA,NA,NA
Sundaram Long Term Micro Cap Tax Advantage Fund Series III - Direct Plan,-14.46,NA,NA,NA,NA
Sundaram Long Term Micro Cap Tax Advantage Fund Series III - Regular Plan,-14.74,NA,NA,NA,NA
Sundaram Long Term Micro Cap Tax Advantage Fund Series IV - Direct Plan,-14.06,NA,NA,NA,NA
Sundaram Long Term Micro Cap Tax Advantage Fund Series IV - Regular Plan,-14.46,NA,NA,NA,NA
Sundaram Long Term Micro Cap Tax Advantage Fund Series V - Direct Plan,-12.71,NA,NA,NA,NA
Sundaram Long Term Micro Cap Tax Advantage Fund Series VI - Direct Plan,NA,NA,NA,NA,NA
Sundaram Long Term Micro Cap Tax Advantage Fund Series VI - Regular Plan,NA,NA,NA,NA,NA
Sundaram Long Term Micro Cap Tax Advantage Fund Series V - Regular Plan,-13.18,NA,NA,NA,NA
Sundaram Long Term Tax Advantage Fund Series I - Direct Plan,0.79,3.79,NA,NA,NA
Sundaram Long Term Tax Advantage Fund Series II - Direct Plan,2.09,NA,NA,NA,NA
Sundaram Long Term Tax Advantage Fund Series III - Direct Plan,NA,NA,NA,NA,NA
Sundaram Long Term Tax Advantage Fund Series III - Regular Plan,NA,NA,NA,NA,NA
Sundaram Long Term Tax Advantage Fund Series II - Regular Plan,1.55,NA,NA,NA,NA
Sundaram Long Term Tax Advantage Fund Series I - Regular Plan,0.44,3.43,NA,NA,NA
Sundaram Long Term Tax Advantage Fund Series IV - Direct Plan,NA,NA,NA,NA,NA
Sundaram Long Term Tax Advantage Fund Series IV - Regular Plan,NA,NA,NA,NA,NA
Sundaram Mid Cap Fund - Direct Plan,-5.31,2.91,NA,NA,NA
Sundaram Mid Cap Fund - Institutional Plan,-5.31,2.91,11.15,NA,NA
Sundaram Mid Cap Fund - Regular Plan,-6.05,2.27,10.45,15.52,NA
Sundaram Multi Cap Fund - Series I - Direct Plan,NA,NA,NA,NA,NA
Sundaram Multi Cap Fund - Series II - Direct Plan,NA,NA,NA,NA,NA
Sundaram Multi Cap Fund - Series II - Regular Plan,NA,NA,NA,NA,NA
Sundaram Multi Cap Fund - Series I - Regular Plan,NA,NA,NA,NA,NA
Sundaram Rural and Consumption Fund - Direct Plan,-0.36,8.64,NA,NA,NA
Sundaram Rural and Consumption Fund - Regular Plan,-1.14,7.85,10.30,NA,NA
Sundaram Select Focus Fund - Direct Plan,5.93,7.08,NA,NA,NA
Sundaram Select Focus Fund - Institutional Plan,5.93,7.08,8.06,NA,NA
Sundaram Select Focus Fund - Regular Plan,4.72,6.21,7.31,12.33,NA
Sundaram Select Micro Cap Fund - Series IX - Direct Plan,-10.18,NA,NA,NA,NA
Sundaram Select Micro Cap Fund - Series IX - Regular Plan,-10.96,NA,NA,NA,NA
Sundaram Select Micro Cap Fund - Series VIII - Direct Plan,-10.09,NA,NA,NA,NA
Sundaram Select Micro Cap Fund - Series VIII - Regular Plan,-10.87,NA,NA,NA,NA
Sundaram Select Micro Cap Fund - Series X - Direct Plan,-10.97,NA,NA,NA,NA
Sundaram Select Micro Cap Fund - Series X - Regular Plan,-11.68,NA,NA,NA,NA
Sundaram Select Micro Cap Series XI - Direct Plan,-12.43,NA,NA,NA,NA
Sundaram Select Micro Cap Series XII - Direct Plan,-12.64,NA,NA,NA,NA
Sundaram Select Micro Cap Series XII - Regular Plan,-13.23,NA,NA,NA,NA
Sundaram Select Micro Cap Series XI - Regular Plan,-12.98,NA,NA,NA,NA
Sundaram Select Micro Cap Series XIV - Direct Plan,-12.35,NA,NA,NA,NA
Sundaram Select Micro Cap Series XIV - Regular Plan,-12.88,NA,NA,NA,NA
Sundaram Select Micro Cap Series XV - Direct Plan,-12.45,NA,NA,NA,NA
Sundaram Select Micro Cap Series XVI - Direct Plan,NA,NA,NA,NA,NA
Sundaram Select Micro Cap Series XVII - Direct Plan,NA,NA,NA,NA,NA
Sundaram Select Micro Cap Series XVII - Regular Plan,NA,NA,NA,NA,NA
Sundaram Select Micro Cap Series XVI - Regular Plan,NA,NA,NA,NA,NA
Sundaram Select Micro Cap Series XV - Regular Plan,-13.20,NA,NA,NA,NA
Sundaram Select Small Cap Series V - Direct Plan,-2.20,NA,NA,NA,NA
Sundaram Select Small Cap Series VI - Direct Plan,-2.49,NA,NA,NA,NA
Sundaram Select Small Cap Series VI - Regular Plan,-3.24,NA,NA,NA,NA
Sundaram Select Small Cap Series V - Regular Plan,-3.05,NA,NA,NA,NA
Sundaram Services Fund - Direct Plan,NA,NA,NA,NA,NA
Sundaram Services Fund - Regular Plan,NA,NA,NA,NA,NA
Sundaram Small Cap Fund - Direct Plan,-11.29,-0.94,NA,NA,NA
Sundaram Small Cap Fund - Institutional Plan,-11.29,-0.94,7.66,NA,NA
Sundaram Small Cap Fund - Regular Plan,-12.04,-1.61,7.00,11.93,NA
Sundaram Smart NIFTY 100 Equal Weight Fund - Direct Plan,-1.77,NA,NA,NA,NA
Sundaram Smart NIFTY 100 Equal Weight Fund - Regular Plan,-2.50,NA,NA,NA,NA
Sundaram Value Fund Series III - Direct Plan,2.80,NA,NA,NA,NA
Sundaram Value Fund Series III - Regular Plan,2.21,NA,NA,NA,NA
Sundaram Value Fund Series IX - Direct Plan,NA,NA,NA,NA,NA
Sundaram Value Fund Series IX - Regular Plan,NA,NA,NA,NA,NA
Sundaram Value Fund Series VII - Direct Plan,-15.38,NA,NA,NA,NA
Sundaram Value Fund Series VIII - Direct Plan,-1.94,NA,NA,NA,NA
Sundaram Value Fund Series VIII - Regular Plan,-2.84,NA,NA,NA,NA
Sundaram Value Fund Series VII - Regular Plan,-15.98,NA,NA,NA,NA
Sundaram Value Fund Series X - Direct Plan,NA,NA,NA,NA,NA
Sundaram Value Fund Series X - Regular Plan,NA,NA,NA,NA,NA
Tata Banking and Financial Services Fund - Direct Plan,2.34,NA,NA,NA,NA
Tata Banking and Financial Services Fund - Regular Plan,0.73,NA,NA,NA,NA
Tata Digital India Fund - Direct Plan,20.32,NA,NA,NA,NA
Tata Digital India Fund - Regular Plan,18.29,NA,NA,NA,NA
Tata Equity PE Fund - Direct Plan,1.97,8.54,NA,NA,NA
Tata Equity PE Fund - Regular Plan,0.67,7.39,10.80,14.88,NA
Tata Ethical Fund - Direct Plan,4.49,4.97,NA,NA,NA
Tata Ethical Fund - Regular Plan,3.30,3.92,9.78,12.98,13.94
Tata Focused Equity Fund - Direct Plan,NA,NA,NA,NA,NA
Tata Focused Equity Fund - Regular Plan,NA,NA,NA,NA,NA
Tata Index Nifty Fund - Direct Plan,4.83,6.08,NA,NA,NA
Tata Index Nifty Fund - Regular Plan,4.44,5.58,7.57,11.43,NA
Tata Index Sensex Fund - Direct Plan,6.75,6.85,NA,NA,NA
Tata Index Sensex Fund - Regular Plan,6.28,6.31,7.83,11.05,NA
Tata India Consumer Fund - Direct Plan,5.95,NA,NA,NA,NA
Tata India Consumer Fund - Regular Plan,4.30,NA,NA,NA,NA
Tata India Pharma & HealthCare Fund - Direct Plan,10.13,NA,NA,NA,NA
Tata India Pharma & HealthCare Fund - Regular Plan,8.29,NA,NA,NA,NA
Tata India Tax Savings Fund,1.62,7.17,11.17,12.01,15.26
Tata India Tax Savings Fund - Direct Plan,3.04,8.57,NA,NA,NA
Tata Infrastructure Fund - Direct Plan,-4.75,1.19,NA,NA,NA
Tata Infrastructure Fund - Regular Plan,-5.29,0.61,2.84,9.37,NA
Tata Large Cap Fund - Direct Plan,1.95,5.04,NA,NA,NA
Tata Large Cap Fund - Regular Plan,0.76,3.61,7.69,12.43,15.14
Tata Large & Mid Cap Fund - Direct Plan,4.36,6.99,NA,NA,NA
Tata Large & Mid Cap Fund - Regular Plan,2.96,5.49,9.49,12.68,16.79
Tata Midcap Growth Fund - Direct Plan,1.48,5.67,NA,NA,NA
Tata Midcap Growth Fund - Regular Plan,0.35,4.66,11.48,12.72,16.56
Tata Multicap Fund - Direct Plan,NA,NA,NA,NA,NA
Tata Multicap Fund - Regular Plan,NA,NA,NA,NA,NA
Tata Nifty Exchange Traded Fund - Regular Plan,NA,NA,NA,NA,NA
Tata Nifty Private Bank Exchange Traded Fund - Regular Plan,NA,NA,NA,NA,NA
Tata Quant Fund - Direct Plan,NA,NA,NA,NA,NA
Tata Quant Fund - Regular Plan,NA,NA,NA,NA,NA
Tata Resources & Energy Fund - Direct Plan,4.66,NA,NA,NA,NA
Tata Resources & Energy Fund - Regular Plan,2.90,NA,NA,NA,NA
Tata Retirement Savings Fund - Progressive Plan - Direct Plan,5.34,10.43,NA,NA,NA
Tata Retirement Savings Fund - Progressive Plan - Regular Plan,3.80,8.81,NA,NA,NA
Tata Small Cap Fund - Direct Plan,NA,NA,NA,NA,NA
Tata Small Cap Fund - Regular Plan,NA,NA,NA,NA,NA
Tata Value Fund Series 1 - Direct Plan,NA,NA,NA,NA,NA
Tata Value Fund Series 1 - Regular Plan,NA,NA,NA,NA,NA
Tata Value Fund Series 2 - Direct Plan,NA,NA,NA,NA,NA
Tata Value Fund Series 2 - Regular Plan,NA,NA,NA,NA,NA
Taurus Banking & Financial Services Fund - Direct Plan,1.91,5.97,NA,NA,NA
Taurus Banking & Financial Services Fund - Regular Plan,1.11,4.87,NA,NA,NA
Taurus Discovery (Midcap) Fund - Direct Plan,2.46,6.62,NA,NA,NA
Taurus Discovery (Midcap) Fund - Regular Plan,2.00,6.09,10.45,8.02,9.44
Taurus Ethical Fund - Direct Plan,7.74,6.04,NA,NA,NA
Taurus Ethical Fund - Regular Plan,6.67,5.04,8.65,NA,NA
Taurus Infrastructure Fund - Direct Plan,0.63,4.35,NA,NA,NA
Taurus Infrastructure Fund - Regular Plan,0.17,3.61,4.61,NA,NA
Taurus Largecap Equity Fund - Direct Plan,-0.84,1.82,NA,NA,NA
Taurus Largecap Equity Fund - Regular Plan,-1.30,0.97,5.21,8.60,13.69
Taurus Nifty Index Fund - Direct Plan,4.88,6.03,NA,NA,NA
Taurus Nifty Index Fund - Regular Plan,4.50,5.31,7.30,NA,NA
Taurus Starshare (Multi Cap) Fund - Direct Plan,-3.51,0.74,NA,NA,NA
Taurus Starshare (Multi Cap) Fund - Regular Plan,-3.65,0.18,6.06,10.45,12.49
Taurus Tax Shield Fund - Direct Plan,3.77,6.74,NA,NA,NA
Taurus Tax Shield Fund - Regular Plan,3.05,5.80,8.19,9.89,13.26
Templeton India Equity Income Fund,-0.80,4.41,8.63,NA,NA
Templeton India Equity Income Fund - Direct Plan,-0.03,5.18,NA,NA,NA
Templeton India Value Fund,-6.59,1.15,5.93,11.55,15.02
Templeton India Value Fund - Direct Plan,-5.80,1.95,NA,NA,NA
Union Focused Fund - Direct Plan,NA,NA,NA,NA,NA
Union Focused Fund - Regular Plan,NA,NA,NA,NA,NA
Union Largecap Fund - Direct Plan,1.79,NA,NA,NA,NA
Union Largecap Fund - Regular Plan,1.13,NA,NA,NA,NA
Union Large & Midcap Fund - Direct Plan,NA,NA,NA,NA,NA
Union Large & Midcap Fund - Regular Plan,NA,NA,NA,NA,NA
Union Long Term Equity Fund,2.70,3.00,NA,NA,NA
Union Long Term Equity Fund - Direct Plan,3.19,3.72,NA,NA,NA
Union Midcap Fund - Direct Plan,NA,NA,NA,NA,NA
Union Midcap Fund - Regular Plan,NA,NA,NA,NA,NA
Union Multi Cap Fund,3.35,3.88,NA,NA,NA
Union Multi Cap Fund - Direct Plan,3.99,4.64,NA,NA,NA
Union Small Cap Fund - Direct Plan,-3.63,1.55,NA,NA,NA
Union Small Cap Fund - Regular Plan,-4.29,0.70,NA,NA,NA
Union Value Discovery Fund - Direct Plan,NA,NA,NA,NA,NA
Union Value Discovery Fund - Regular Plan,NA,NA,NA,NA,NA
UTI Banking and Financial Services Fund - Direct Plan,-7.09,2.38,NA,NA,NA
UTI Banking and Financial Services Fund - Regular Plan,-8.05,1.32,6.39,11.50,NA
UTI Children's Career Fund-Investment Plan - Direct Plan,2.65,6.27,NA,NA,NA
UTI Children's Career Fund-Investment Plan - Regular Plan,1.73,5.42,8.39,8.75,NA
UTI Core Equity Fund - Direct Plan,-2.14,2.18,NA,NA,NA
UTI Core Equity Fund - Regular Plan,-2.65,1.64,7.32,9.81,12.19
UTI Dividend Yield Fund - Direct Plan,4.11,6.20,NA,NA,NA
UTI Dividend Yield Fund - Regular Plan,3.48,5.55,7.87,12.84,NA
UTI Equity Fund - Direct Plan,6.59,7.11,NA,NA,NA
UTI Equity Fund - Regular Plan,6.04,6.58,10.96,13.46,14.93
UTI Focussed Equity Fund - Series I (2195 Days) - Direct Plan,1.34,5.21,NA,NA,NA
UTI Focussed Equity Fund - Series I (2195 Days) - Regular Plan,0.57,4.09,NA,NA,NA
UTI Focussed Equity Fund Series IV (1104 Days) - Direct Plan,NA,NA,NA,NA,NA
UTI Focussed Equity Fund Series IV (1104 Days) - Regular Plan,NA,NA,NA,NA,NA
UTI Focussed Equity Fund Series V (1102 Days) - Direct Plan,NA,NA,NA,NA,NA
UTI Focussed Equity Fund Series V (1102 Days) - Regular Plan,NA,NA,NA,NA,NA
UTI Focussed Equity Fund Series VI (1150 Days) - Direct Plan,NA,NA,NA,NA,NA
UTI Focussed Equity Fund Series VI (1150 Days) - Regular Plan,NA,NA,NA,NA,NA
UTI Healthcare Fund - Direct Plan,8.68,3.35,NA,NA,NA
UTI Healthcare Fund - Regular Plan,7.60,2.36,11.42,12.42,14.13
UTI India Consumer Fund - Direct Plan,3.06,4.93,NA,NA,NA
UTI India Consumer Fund - Regular Plan,2.51,4.37,8.65,NA,NA
UTI Infrastructure Fund - Direct Plan,-5.20,0.02,NA,NA,NA
UTI Infrastructure Fund - Regular Plan,-5.60,-0.40,2.10,7.87,NA
UTI Long Term Advantage Fund - Series III - Direct Plan,-1.26,NA,NA,NA,NA
UTI Long Term Advantage Fund - Series III - Regular Plan,-1.99,NA,NA,NA,NA
UTI Long Term Advantage Fund - Series IV - Direct Plan,-6.22,NA,NA,NA,NA
UTI Long Term Advantage Fund - Series IV - Regular Plan,-7.32,NA,NA,NA,NA
UTI Long Term Advantage Fund - Series V - Direct Plan,-4.42,NA,NA,NA,NA
UTI Long Term Advantage Fund - Series VI - Direct Plan,NA,NA,NA,NA,NA
UTI Long Term Advantage Fund - Series VII - Direct Plan,NA,NA,NA,NA,NA
UTI Long Term Advantage Fund - Series VII - Regular Plan,NA,NA,NA,NA,NA
UTI Long Term Advantage Fund - Series VI - Regular Plan,NA,NA,NA,NA,NA
UTI Long Term Advantage Fund - Series V - Regular Plan,-5.68,NA,NA,NA,NA
UTI Long Term Equity Fund,1.96,4.86,8.22,9.83,13.23
UTI Long Term Equity Fund - Direct Plan,2.86,5.84,NA,NA,NA
UTI Master Equity Plan Unit Scheme,0.74,4.63,8.33,11.40,NA
UTI Mastershare Fund - Direct Plan,4.32,5.78,NA,NA,NA
UTI Mastershare Fund - Regular Plan,3.43,5.00,8.76,11.79,12.40
UTI Mid Cap Fund - Direct Plan,-0.06,4.38,NA,NA,NA
UTI Mid Cap Fund - Regular Plan,-0.94,3.45,11.71,13.07,NA
UTI MNC Fund - Direct Plan,4.28,5.43,NA,NA,NA
UTI MNC Fund - Regular Plan,3.37,4.48,13.33,14.77,15.80
UTI Nifty Exchange Traded Fund,5.06,NA,NA,NA,NA
UTI Nifty Index Fund - Direct Plan,4.90,6.21,NA,NA,NA
UTI Nifty Index Fund - Regular Plan,4.82,6.13,7.98,11.48,11.38
UTI Nifty Next 50 Exchange Traded Fund - Regular Plan,NA,NA,NA,NA,NA
UTI Nifty Next 50 Index Fund - Direct Plan,NA,NA,NA,NA,NA
UTI Nifty Next 50 Index Fund - Regular Plan,NA,NA,NA,NA,NA
UTI Sensex Exchange Traded Fund,6.93,NA,NA,NA,NA
UTI S&P BSE Sensex Next 50 ETF - Regular Plan,NA,NA,NA,NA,NA
UTI Transportation and Logistics Fund - Direct Plan,-9.57,-0.60,NA,NA,NA
UTI Transportation and Logistics Fund - Regular Plan,-10.59,-1.74,11.53,12.33,NA
UTI Value Opportunities Fund - Direct Plan,4.29,5.09,NA,NA,NA
UTI Value Opportunities Fund - Regular Plan,3.56,4.34,9.25,12.68,NA
